L,p,q,n,fails,rb_sum,rb_sumsq,seconds,ler_direct,ler_rb,se_rb
16,0.08,0.1,2000,0,0.01799833679025631,0.0002539067982366691,6.435370206832886,0.0,8.999168395128154e-06,7.96667691159697e-06
16,0.08,0.2,2000,0,0.013799987271320258,0.00013889391776910674,6.4399733543396,0.0,6.899993635660129e-06,5.892116173556998e-06
16,0.08,0.0,2000,0,0.056879756622075894,0.0007631677181758436,6.4433982372283936,0.0,2.8439878311037947e-05,1.3801549100864706e-05
16,0.08,0.4,2000,0,0.0006169198371045459,1.7734644265215266e-07,6.50285792350769,0.0,3.0845991855227296e-07,2.105022387021355e-07
16,0.08,0.3,2000,0,0.005315437705337045,2.098739250222387e-05,6.555010795593262,0.0,2.6577188526685226e-06,2.2904015718834757e-06
16,0.08,0.6,2000,0,4.910028789106846e-07,6.09614594416115e-14,6.571727752685547,0.0,2.455014394553423e-10,1.2336060271077689e-10
16,0.08,0.5,2000,0,2.1394156236587136e-06,2.2506187385595926e-12,6.589842796325684,0.0,1.0697078118293569e-09,7.499091472325866e-10
16,0.08,0.7,2000,0,1.8688288028201328e-08,3.3845601129073393e-16,6.616266965866089,0.0,9.344144014100663e-12,9.198513610106962e-12
16,0.08,0.9,2000,0,5.149214388211476e-13,7.333265766076499e-26,6.162529945373535,0.0,2.574607194105738e-16,1.3531140377724128e-16
16,0.08,1.0,2000,0,1.7763568394002505e-15,2.465190328815662e-31,6.394469499588013,0.0,8.881784197001253e-19,2.475196168956213e-19
16,0.08,0.8,2000,0,1.598829924009948e-08,2.5383298598341543e-16,6.410104036331177,0.0,7.99414962004974e-12,7.966054374213526e-12
16,0.12,0.0,2000,37,32.364820040414884,8.197452587072556,6.560135364532471,0.0185,0.01618241002020744,0.0013854196633362988
16,0.12,0.3,2000,6,4.280413432343404,0.9319241534746647,6.560734510421753,0.003,0.002140206716171702,0.0004804229377061737
16,0.12,0.1,2000,19,18.946515463510956,4.520559133448417,6.628704786300659,0.0095,0.009473257731755478,0.001042022736329436
16,0.12,0.2,2000,6,9.642677169289113,2.545632230534096,6.646283388137817,0.003,0.004821338584644556,0.0007906313639974707
16,0.12,0.4,2000,0,1.0984306576664586,0.11478985128483382,6.722682476043701,0.0,0.0005492153288332293,0.0001689997767595216
16,0.12,0.5,2000,0,0.4968105677679929,0.04712846316833334,6.195409297943115,0.0,0.0002484052838839965,0.00010843035446976004
16,0.12,0.6,2000,0,0.1740083983846129,0.008397556852585026,6.712594985961914,0.0,8.700419919230646e-05,4.5789220064822916e-05
16,0.12,0.7,2000,0,0.42233209905226377,0.17391454227368647,6.792418718338013,0.0,0.00021116604952613188,0.00020851397808711587
16,0.12,0.8,2000,0,0.016230279474031772,0.00026326020674235254,6.628323554992676,0.0,8.115139737015886e-06,8.11264639034883e-06
16,0.12,0.9,2000,0,8.92318374745571e-09,3.4789560882909814e-17,6.628777027130127,0.0,4.461591873727855e-12,2.9481830355846716e-12
16,0.12,1.0,2000,0,2.1094237467877974e-15,3.0814879110195774e-31,6.6926984786987305,0.0,1.0547118733938987e-18,2.7662112867958293e-19
16,0.14,0.0,2000,127,126.05863222439277,32.57231401204675,6.6680521965026855,0.0635,0.06302931611219638,0.0024818966666156706
16,0.14,0.1,2000,90,84.03675429944329,21.690803281029098,6.694192171096802,0.045,0.04201837714972165,0.0021312437474546833
16,0.14,0.2,2000,49,47.66656774586459,11.623558503584631,6.471434116363525,0.0245,0.023833283872932296,0.0016196260401917797
16,0.14,0.3,2000,24,23.287380763117625,5.534294060570836,6.726248025894165,0.012,0.011643690381558812,0.0011473639240794726
16,0.14,0.5,2000,4,5.686732867615065,1.232647968511865,6.799521207809448,0.002,0.002843366433807533,0.0005516083408273933
16,0.14,0.6,2000,3,1.3180222706880262,0.2628983009170258,6.804096937179565,0.0015,0.0006590111353440132,0.00025600819809089634
16,0.14,0.4,2000,14,11.834406824323901,2.2682498520716714,6.97362208366394,0.007,0.005917203412161951,0.0007415057183006775
16,0.14,0.7,2000,1,0.8511534682349037,0.26215821680420726,6.750786542892456,0.0005,0.0004255767341174518,0.00025589399620035337
16,0.14,0.8,2000,0,0.06481668669013818,0.0023376085808382912,6.838315725326538,0.0,3.240834334506909e-05,2.416958997149273e-05
16,0.14,0.9,2000,0,4.230383573666785e-05,4.68416139104159e-10,7.233283519744873,0.0,2.1151917868333926e-08,1.0813824594585701e-08
16,0.14,1.0,2000,0,4.3298697960381105e-15,7.272311470006203e-31,6.679200649261475,0.0,2.1649348980190553e-18,4.2373823551804318e-19
16,0.16,0.0,4000,683,680.7712712896289,208.7816010917416,13.369714975357056,0.17075,0.17019281782240722,0.0024101666922688577
16,0.16,0.1,2000,231,238.5006466228632,68.6315588233367,6.80575966835022,0.1155,0.1192503233114316,0.0031705829430868373
16,0.16,0.2,2000,170,154.47026768998109,41.048350039302164,6.834027051925659,0.085,0.07723513384499055,0.002698721198614756
16,0.16,0.5,4000,50,39.38235191862771,8.508962600082096,13.335755825042725,0.0125,0.009845587979656928,0.0007125329379304151
16,0.16,0.3,2000,83,90.91909510369857,23.366436665365256,7.0244762897491455,0.0415,0.045459547551849284,0.0021933374795460644
16,0.16,0.6,2000,4,6.897263104045864,1.5747443753055506,7.087256669998169,0.002,0.003448631552022932,0.0006228431028766266
16,0.16,0.4,2000,48,45.69363109499801,11.005326043089205,9.01982855796814,0.024,0.022846815547499004,0.0015784767387734939
16,0.16,0.7,2000,1,1.8726372674761977,0.19991378964964157,6.627112627029419,0.0005,0.0009363186337380989,0.00022263172182384282
16,0.16,0.8,2000,0,0.2888056027776854,0.034209802024326205,6.635429859161377,0.0,0.0001444028013888427,9.244618742999762e-05
16,0.16,0.9,2000,0,0.0001159942955005766,4.10780931906025e-09,6.806895017623901,0.0,5.79971477502883e-08,3.202785329810477e-08
16,0.18,0.0,2000,613,600.48084217276,221.0829754306003,6.743981599807739,0.3065,0.30024042108638005,0.003194321598684857
16,0.18,0.1,2000,456,492.4052118912356,170.07629769529234,7.059072732925415,0.228,0.2462026059456178,0.0034953285249551564
16,0.16,1.0,4000,0,9.658940314238862e-14,1.4544622940012405e-29,14.479598760604858,0.0,2.4147350785597155e-17,8.73759784094107e-19
16,0.18,0.2,2000,374,358.1007554950542,111.86756337887596,6.942898988723755,0.187,0.1790503777475271,0.0034559142973702777
16,0.18,0.3,2000,236,236.82475586733543,68.32597297372216,9.287126541137695,0.118,0.11841237793366771,0.003174237784450588
16,0.18,0.4,2000,131,130.27821753032856,34.41967468105213,6.53410530090332,0.0655,0.06513910876516428,0.0025468824531214803
16,0.18,0.5,2000,72,66.94169226675552,15.814509828102715,6.550257921218872,0.036,0.03347084613337776,0.0018426004110280979
16,0.18,0.6,2000,29,25.119765719222222,5.417667835530235,6.7145655155181885,0.0145,0.012559882859611111,0.0011296812470865363
16,0.18,0.7,2000,9,9.469482804765093,2.181741214775435,6.718570232391357,0.0045,0.004734741402382546,0.0007310907347596239
16,0.18,0.8,2000,1,1.678043087555483,0.4034590237051708,7.048675060272217,0.0005,0.0008390215437777415,0.0003171167905997272
16,0.18,0.9,2000,0,0.007585167540789639,1.6650461691499483e-05,7.175002336502075,0.0,3.7925837703948195e-06,2.0389954213316038e-06
16,0.18,1.0,2000,0,1.3988810110276972e-14,2.3419308123748788e-30,6.988661050796509,0.0,6.994405055138486e-18,7.4920124353053505e-19
16,0.2,0.1,2000,738,714.0553819199151,284.3848724178811,6.66386079788208,0.369,0.35702769095995757,0.002713948195116055
16,0.2,0.2,2000,570,591.2131790748208,217.26578916878947,6.683225870132446,0.285,0.2956065895374104,0.0032603886992907884
16,0.2,0.3,6000,1320,1308.2660184909964,432.48063181784187,18.67498278617859,0.22,0.21804433641516607,0.0020224103937317053
16,0.2,0.4,2000,320,288.6871506681491,86.23568728971512,6.91765570640564,0.16,0.14434357533407455,0.0033387065509016315
16,0.2,0.0,2000,816,820.3510508866239,353.26908165231504,9.657779932022095,0.408,0.41017552544331193,0.0020487528574392937
16,0.2,0.5,2000,138,154.0699659068411,41.021182861693035,7.05253267288208,0.069,0.07703498295342055,0.0027003235527897833
16,0.2,0.7,2000,18,22.268168902422435,5.213159099790545,7.1070544719696045,0.009,0.011134084451211217,0.001114417704487111
16,0.2,0.6,2000,86,80.99484423904096,22.159636510423077,7.2890729904174805,0.043,0.04049742211952048,0.0021730737799874836
16,0.2,0.8,2000,8,4.2221196724513845,0.6999862502877957,6.906032562255859,0.004,0.002111059836225692,0.0004157579862220809
16,0.2,0.9,2000,1,0.3344424171294409,0.043154487643249924,6.889594793319702,0.0005,0.00016722120856472046,0.00010382692550463695
16,0.2,1.0,2000,0,6.217248937900877e-15,1.1093356479670479e-30,7.110824108123779,0.0,3.1086244689504384e-18,5.221479274845123e-19
16,0.24,0.0,2000,976,982.8151556063101,483.3471480598646,6.976442337036133,0.488,0.491407577803155,0.0003100505111170574
16,0.24,0.2,2000,901,902.018237950333,413.47303357486913,7.175000429153442,0.4505,0.4510091189751665,0.001290146477461375
16,0.24,0.3,2000,810,808.9043679213042,344.6660602125196,7.1339874267578125,0.405,0.40445218396065213,0.002092347833795351
16,0.24,0.4,2000,653,668.3915997398323,258.1213245843528,7.396934986114502,0.3265,0.33419579986991615,0.002948094376197472
16,0.24,0.1,2000,933,957.692899249842,460.51335696291426,9.612229108810425,0.4665,0.47884644962492096,0.0006939876735058527
16,0.24,0.5,2000,420,463.45191770560683,155.47907052203175,6.92017126083374,0.21,0.23172595885280342,0.0034680428613306346
16,0.24,0.6,6000,842,822.3768355113964,240.5837455162531,17.968924283981323,0.14033333333333334,0.13706280591856607,0.001884791349705007
16,0.24,0.7,2000,118,110.17341494044413,28.104233996166663,7.089402675628662,0.059,0.05508670747022207,0.002347667267712079
16,0.24,0.8,2000,31,31.46561284249996,7.7354369253083295,7.071756362915039,0.0155,0.01573280642124998,0.0013457355365932954
16,0.24,0.9,2000,5,3.664146865648204,0.7885153623951779,7.00146222114563,0.0025,0.001832073432824102,0.000442208512187735
16,0.24,1.0,2000,0,3.652633751016765e-14,6.594384129581896e-30,7.091592311859131,0.0,1.8263168755083826e-17,1.217606524593025e-18
16,0.28,0.0,2000,1016,999.372937569251,499.37384592116445,7.184623956680298,0.508,0.4996864687846255,1.3342641413330091e-05
16,0.28,0.1,2000,1023,996.8677055813521,496.89029527268576,7.21747899055481,0.5115,0.49843385279067604,6.650733723231304e-05
16,0.28,0.2,2000,994,987.7102247911898,487.98486218856607,6.842838764190674,0.497,0.49385511239559493,0.00022316906085639046
16,0.28,0.3,2000,1000,963.231130715235,465.45621443559,6.76781964302063,0.5,0.4816155653576175,0.0006224716435326444
16,0.28,0.4,2000,903,897.2534210163532,409.717217673556,7.02251935005188,0.4515,0.4486267105081766,0.0013406119303770484
16,0.28,0.5,2000,796,772.0789164422522,321.0832495678178,6.99410343170166,0.398,0.3860394582211261,0.002400096033622295
16,0.28,0.6,2000,552,556.1917695132429,197.5925203272904,7.104290008544922,0.276,0.27809588475662145,0.003276406101356953
16,0.28,0.7,2000,317,320.0180734522631,98.30215072795268,7.17732834815979,0.1585,0.16000903672613154,0.003432197802553612
16,0.28,0.8,2000,103,111.81078254506457,30.606453002626992,7.3533549308776855,0.0515,0.05590539127253229,0.002468188169570847
16,0.28,0.9,2000,11,14.372829263845714,2.874737796248948,7.088282585144043,0.0055,0.007186414631922857,0.0008325916020590101
16,0.28,1.0,2000,0,8.026912468039882e-14,1.6504449251420856e-29,6.966943025588989,0.0,4.013456234019941e-17,1.8227402329223697e-18
16,0.32,0.0,2000,1013,999.9872484456539,499.98724894218265,6.82470703125,0.5065,0.49999362422282695,3.222713931107167e-07
16,0.32,0.1,2000,1029,999.8725992504707,499.87265327703545,7.0814878940582275,0.5145,0.49993629962523534,3.3887334024605535e-06
16,0.32,0.2,2000,1008,999.1816445039703,499.1830638937183,7.063852071762085,0.504,0.4995908222519852,1.647027192153032e-05
16,0.32,0.3,2000,1039,995.3871911464821,495.4361646266833,6.9955503940582275,0.5195,0.49769359557324105,9.792044509294895e-05
16,0.32,0.4,2000,984,979.0854740852377,479.8272383167805,7.131385803222656,0.492,0.48954273704261886,0.000361703329062514
16,0.32,0.5,2000,936,924.4179762072049,432.19791563082924,7.324881315231323,0.468,0.46220898810360245,0.0011097388548628273
16,0.32,0.6,2000,824,793.9891897375674,335.01881866270884,7.025731801986694,0.412,0.3969945948687837,0.002225944272014334
16,0.32,0.8,2000,237,233.95044714242886,68.5519843435532,6.873862981796265,0.1185,0.11697522357121443,0.0032096020615985103
16,0.32,0.7,2000,581,547.9777085750654,195.7707613587495,8.141506671905518,0.2905,0.2739888542875327,0.003378379926570439
16,0.32,1.0,2000,0,6.139533326177116e-14,1.2412233305586858e-29,7.134155035018921,0.0,3.069766663088558e-17,1.6227142566963735e-18
16,0.32,0.9,2000,37,39.653971504517386,9.059082767693504,7.614094495773315,0.0185,0.019826985752258695,0.001438489011160967
16,0.36,0.0,2000,1000,999.9999230333252,499.99992303333784,7.08195161819458,0.5,0.4999999615166626,1.5587904863251054e-09
16,0.36,0.1,2000,946,999.9972796594934,499.9972796897322,7.234941720962524,0.473,0.4999986398297467,8.147382421121595e-08
16,0.36,0.2,2000,958,999.9550495192232,499.9550556113193,7.343437910079956,0.479,0.4999775247596116,1.1274268737600477e-06
16,0.36,0.3,2000,1003,999.5063975595027,499.5072579819654,6.98962926864624,0.5015,0.4997531987797514,1.3592003744064029e-05
16,0.36,0.4,2000,997,996.355798409763,496.38882427396845,6.8242034912109375,0.4985,0.4981778992048815,8.123878548898216e-05
16,0.36,0.5,2000,984,978.78413884895,479.56930099384,7.231155872344971,0.492,0.489392069424475,0.0003742946552108036
16,0.36,0.6,2000,924,911.9442538039762,421.8692709208217,7.374030590057373,0.462,0.4559721269019881,0.0012299527903042683
16,0.36,0.7,2000,735,727.0216013310771,292.16916380673104,7.138288736343384,0.3675,0.3635108006655386,0.002641160297159174
16,0.36,0.8,6000,1222,1205.7338287288399,389.64127041791966,16.060689687728882,0.20366666666666666,0.2009556381214733,0.002023245609011496
16,0.36,0.9,2000,90,80.84472875108582,19.554705905394854,7.4409544467926025,0.045,0.04042236437554291,0.002018348228200296
16,0.36,1.0,2000,0,0.31700386840581163,0.05229043242056533,7.16070032119751,0.0,0.0001585019342029058,0.00011430914208211903
16,0.4,0.0,2000,1014,999.9999999012216,499.9999999012216,6.85479474067688,0.507,0.4999999999506108,1.178334849391331e-10
16,0.4,0.1,2000,997,999.9999712955675,499.99997129557033,6.738813161849976,0.4985,0.49999998564778375,7.81618914566197e-10
16,0.4,0.2,2000,960,999.9981320363745,499.9981320704519,6.735294818878174,0.48,0.4999990660181873,8.99289532249032e-08
16,0.4,0.3,2000,985,999.9598675943259,499.9598719405149,6.887514591217041,0.4925,0.499979933797163,9.410971319462364e-07
16,0.4,0.4,2000,996,999.4491298341015,499.4501393834039,6.891003608703613,0.498,0.49972456491705075,1.4647947443870134e-05
16,0.4,0.5,2000,1022,994.1375619091614,494.24421121192916,6.895748853683472,0.511,0.4970687809545807,0.00014959108226017239
16,0.4,0.6,2000,962,964.1164141490126,466.24007264212696,7.2754292488098145,0.481,0.4820582070745063,0.0006083960301092255
16,0.4,0.7,2000,843,846.716792707047,371.8784432248488,6.88751482963562,0.4215,0.4233583963535235,0.0018316993437629493
16,0.4,0.8,14000,3767,3795.2306160536364,1345.1798228114499,37.68299651145935,0.2690714285714286,0.2710879011466883,0.0012704677709467337
16,0.4,1.0,2000,1,0.2157422059570735,0.017505080977577817,6.752805233001709,0.0005,0.00010787110297853675,6.612592892507184e-05
16,0.4,0.9,2000,133,147.39016585672448,38.25975991943452,8.811272621154785,0.0665,0.07369508292836224,0.00261780132894925
16,0.44,0.0,2000,969,999.9999999999932,499.99999999999307,6.705866813659668,0.4845,0.4999999999999966,0.0
16,0.44,0.1,2000,1035,999.9999998413186,499.99999984131875,6.770939350128174,0.5175,0.4999999999206593,2.0409358274748063e-10
16,0.44,0.2,2000,1044,999.9999432369084,499.9999432369618,6.7472453117370605,0.522,0.4999999716184542,3.599229535791868e-09
16,0.44,0.4,2000,1025,999.8912409693698,499.8912959698276,6.8407347202301025,0.5125,0.49994562048468494,3.5039531142078994e-06
16,0.44,0.5,2000,1007,998.5856735825844,498.5908120949129,6.80348014831543,0.5035,0.4992928367912922,3.217305911945828e-05
16,0.44,0.3,2000,1014,999.9960439335703,499.9960440077623,7.258335828781128,0.507,0.4999980219667851,1.2884104206650625e-07
16,0.44,0.6,2000,995,984.7195263967835,485.2269187314954,6.690115928649902,0.4975,0.49235976319839175,0.0003125865154648921
16,0.44,0.8,2000,636,638.3858305975336,241.81879068205018,6.892442464828491,0.318,0.3191929152987668,0.0030850280032667697
16,0.44,0.9,2000,181,202.41165194177955,57.93886416515869,6.900806903839111,0.0905,0.10120582597088977,0.0030607336508270875
16,0.44,1.0,2000,0,0.11578947368430814,0.013407202216066463,6.898123264312744,0.0,5.789473684215407e-05,5.78947368421052e-05
16,0.44,0.7,2000,928,911.3948126180003,421.59797676351707,9.744930505752563,0.464,0.45569740630900013,0.0012530826950463436
16,0.48,0.1,2000,1013,999.9999999998179,499.9999999998179,6.69905424118042,0.5065,0.49999999999990896,0.0
16,0.48,0.0,2000,1042,1000.0,499.9999999999999,7.3893208503723145,0.521,0.5,0.0
16,0.48,0.2,2000,1000,999.9999985141083,499.99999851410826,7.236438751220703,0.5,0.49999999925705413,0.0
16,0.48,0.3,2000,998,999.9994569089248,499.99945691882476,6.6365227699279785,0.499,0.4999997284544624,4.938966309285877e-08
16,0.48,0.4,2000,1009,999.9773345850197,499.9773370707412,6.879404783248901,0.5045,0.49998866729250985,7.466552036669579e-07
16,0.48,0.5,2000,1035,999.4664012827674,499.4676882003125,6.9015052318573,0.5175,0.4997332006413837,1.6919857510563173e-05
16,0.48,0.6,2000,996,992.4685918100014,492.59520490286644,7.008191347122192,0.498,0.4962342959050007,0.00015676510198167897
16,0.48,0.8,2000,697,717.8836419824903,287.6482556300925,6.899266719818115,0.3485,0.35894182099124516,0.0027379182927100582
16,0.48,1.0,2000,1,0.5272654088205473,0.11621619679784272,7.527467250823975,0.0005,0.0002636327044102736,0.00017039311900879717
16,0.5,0.0,4000,1996,2000.0,1000.0,12.457012414932251,0.499,0.5,0.0
16,0.48,0.9,2000,223,241.80917129153346,70.76389004682031,8.899454355239868,0.1115,0.12090458564576673,0.003222918971982974
16,0.48,0.7,2000,922,942.6206138977107,447.6695173325124,9.82871413230896,0.461,0.47131030694885534,0.000922551985580773
16,0.5,0.1,2000,1009,999.9999999999984,499.9999999999983,6.911418914794922,0.5045,0.4999999999999992,0.0
16,0.5,0.2,2000,958,999.9999997938547,499.99999979385467,6.938474416732788,0.479,0.49999999989692734,0.0
16,0.5,0.3,2000,984,999.9998377980326,499.9998377984324,7.179927110671997,0.492,0.4999999188990163,9.83397913635446e-09
16,0.5,0.6,2000,995,994.1278695947815,494.26156816140724,6.852304458618164,0.4975,0.49706393479739075,0.00017067210288386424
16,0.5,0.5,4000,2013,1999.2788718458232,999.2801999023277,14.142979145050049,0.50325,0.4998197179614558,8.65429675884312e-06
16,0.5,0.4,2000,1040,999.986068463561,499.98607465596325,8.990941762924194,0.52,0.4999930342317805,1.2347477058582446e-06
16,0.5,0.9,10000,1319,1310.362818444312,385.8649575995339,27.065605401992798,0.1319,0.1310362818444312,0.0014634934374086383
16,0.5,0.7,2000,938,951.9874629051005,455.3701348064248,8.910666942596436,0.469,0.47599373145255025,0.0007468576897570968
16,0.5,1.0,4000,1,1.655717136851897,0.402127016480878,13.658823490142822,0.00025,0.0004139292842129743,0.00015841836465996608
16,0.5,0.8,6000,2191,2202.8141309831854,892.2852522889565,21.528936862945557,0.36516666666666664,0.3671356884971976,0.001523587666545229
32,0.08,0.0,1000,0,1.2478823196993005e-08,8.086066393526915e-17,15.555792808532715,0.0,1.2478823196993006e-11,8.98808815241166e-12
32,0.08,0.1,1000,0,1.402933325067579e-11,1.8711798668964396e-22,18.870762825012207,0.0,1.402933325067579e-14,1.3678752602885849e-14
32,0.08,0.2,1000,0,1.8973711490843925e-13,5.331997140050327e-27,18.661369800567627,0.0,1.8973711490843926e-16,7.281001487118438e-17
32,0.08,0.3,1000,0,1.5210055437364645e-13,5.301884840183844e-28,18.90878176689148,0.0,1.5210055437364646e-16,2.2529124857491877e-17
32,0.08,0.4,1000,0,1.184607967275042e-13,5.276739898829924e-29,15.398620843887329,0.0,1.184607967275042e-16,6.2268139396342165e-18
32,0.08,0.5,1000,0,1.2234657731369225e-13,5.600912427069184e-29,15.180567502975464,0.0,1.2234657731369226e-16,6.409486782194631e-18
32,0.08,0.6,1000,0,1.0658141036401503e-13,4.2771052204951734e-29,18.737234830856323,0.0,1.0658141036401502e-16,5.607396728236464e-18
32,0.08,0.7,1000,0,1.0158540675320182e-13,3.906094076008416e-29,18.994810819625854,0.0,1.0158540675320183e-16,5.363778147060296e-18
32,0.08,0.8,1000,0,1.021405182655144e-13,3.6706683996065206e-29,15.095249652862549,0.0,1.021405182655144e-16,5.1283816963385894e-18
32,0.08,0.9,1000,0,8.93729534823251e-14,3.5461762880013296e-29,19.323436975479126,0.0,8.937295348232511e-17,5.244210122188575e-18
32,0.08,1.0,1000,0,3.219646771412954e-15,4.807121141190541e-31,15.32764983177185,0.0,3.219646771412954e-18,6.861609181467392e-19
32,0.12,0.0,1000,1,1.1716891309244355,0.28618513884837293,18.86601734161377,0.001,0.0011716891309244354,0.0005339451102966073
32,0.12,0.1,1000,1,0.22399746652115382,0.03751614203256581,15.069152355194092,0.001,0.00022399746652115382,0.00019365812825233056
32,0.12,0.2,1000,0,0.021452192585526664,0.00033349273594725324,18.768125534057617,0.0,2.1452192585526662e-05,1.8258310581371226e-05
32,0.12,0.3,1000,0,0.006708389890114574,4.42047340748805e-05,19.63533878326416,0.0,6.708389890114574e-06,6.6486040275743735e-06
32,0.12,0.4,1000,0,0.0004578163136408353,1.0103144725415939e-07,15.213557481765747,0.0,4.578163136408353e-07,3.1768344975993804e-07
32,0.12,0.5,1000,0,7.288656093229484e-06,3.465995074607726e-11,15.225910186767578,0.0,7.288656093229484e-09,5.885700273216266e-09
32,0.12,0.6,1000,0,1.9913737325794045e-11,1.2715712726685414e-22,18.927106857299805,0.0,1.9913737325794044e-14,1.1264433309774787e-14
32,0.12,0.7,1000,0,1.5865087021893487e-13,5.247280874400577e-28,18.994299173355103,0.0,1.5865087021893487e-16,2.236197770470443e-17
32,0.12,0.8,1000,0,1.2756462552943049e-13,6.127230562271328e-29,19.22051191329956,0.0,1.275646255294305e-16,6.711528630111195e-18
32,0.12,0.9,1000,0,1.0391687510491465e-13,4.0059342843254506e-29,15.366069793701172,0.0,1.0391687510491466e-16,5.4120158746544334e-18
32,0.12,1.0,1000,0,2.220446049250313e-15,2.9582283945787943e-31,15.331500053405762,0.0,2.220446049250313e-18,5.396143460312104e-19
32,0.14,0.0,1000,26,23.89489506639128,5.904045972900716,20.36693286895752,0.026,0.023894895066391277,0.002310501759585548
32,0.14,0.2,1000,4,3.0982285372430165,0.7421633064463029,18.999174118041992,0.004,0.0030982285372430163,0.0008563279651869821
32,0.14,0.1,1000,13,11.295714157455322,2.9681450587282274,20.72862982749939,0.013,0.011295714157455321,0.0016862370223954246
32,0.14,0.3,1000,2,0.3968170284466376,0.03646919674160184,15.139419794082642,0.002,0.00039681702844663756,0.0001906517271587258
32,0.14,0.4,1000,1,0.18218856450616117,0.010263770438234995,15.260495662689209,0.001,0.00018218856450616117,0.00010119692971519423
32,0.14,0.5,1000,0,0.0007295497016477359,5.025982084879903e-07,17.67256212234497,0.0,7.295497016477359e-07,7.089206826261109e-07
32,0.14,0.6,1000,0,3.6366954381250594e-06,4.994237990306452e-12,17.9291889667511,0.0,3.6366954381250595e-09,2.2329349374829094e-09
32,0.14,0.7,1000,0,2.141641186614862e-08,3.7457874639054784e-16,18.977104663848877,0.0,2.141641186614862e-11,1.9351862398012213e-11
32,0.14,0.8,1000,0,1.4310774787418268e-12,1.2932527255182475e-24,15.244942903518677,0.0,1.4310774787418268e-15,1.1368804862465067e-15
32,0.14,0.9,1000,0,1.872946242542639e-13,2.7188214357958613e-27,15.43177843093872,0.0,1.8729462425426391e-16,5.183076873932534e-17
32,0.14,1.0,1000,0,4.773959005888173e-15,7.518830502887769e-31,15.351224422454834,0.0,4.773959005888173e-18,8.542963115259031e-19
32,0.16,0.0,1000,140,154.1762217698471,47.03212228549382,18.43275260925293,0.14,0.1541762217698471,0.004825463711012138
32,0.16,0.1,1000,77,79.03208860672252,21.486466499744363,18.813207149505615,0.077,0.07903208860672252,0.0039058483228774834
32,0.16,0.2,1000,35,34.68165052127028,9.000631957092757,15.166818380355835,0.035,0.03468165052127028,0.002793854093346347
32,0.16,0.3,1000,20,15.260452696187599,3.9383852885850175,15.03377366065979,0.02,0.0152604526961876,0.001925931744682977
32,0.16,0.4,1000,2,2.4329784625110307,0.5006779508331076,14.974562168121338,0.002,0.0024329784625110305,0.0007037427231982719
32,0.16,0.5,1000,0,0.18507569845400584,0.00967748829707628,17.214287281036377,0.0,0.00018507569845400585,9.824911282596465e-05
32,0.16,0.6,1000,0,0.005202274488312009,1.3454359996651494e-05,15.947436571121216,0.0,5.202274488312009e-06,3.6661610812774756e-06
32,0.16,0.7,1000,0,3.735969012708118e-05,7.320594432655091e-10,18.746622562408447,0.0,3.735969012708118e-08,2.704431718330172e-08
32,0.16,0.8,1000,0,2.826717748760643e-10,1.499900570371474e-20,14.96292519569397,0.0,2.8267177487606433e-13,1.2220489518759454e-13
32,0.16,0.9,1000,0,1.4310774787418268e-13,3.669805582991435e-28,16.07885766029358,0.0,1.4310774787418267e-16,1.86238443500771e-17
32,0.18,0.0,1000,354,346.54856698831736,136.35266254121916,14.913758516311646,0.354,0.3465485669883174,0.00403398392235873
32,0.16,1.0,1000,0,3.941291737419306e-14,7.851631197277883e-30,19.321576595306396,0.0,3.9412917374193055e-17,2.5108878308343336e-18
32,0.18,0.1,1000,243,263.2943318681223,92.72803270956351,18.835124254226685,0.243,0.2632943318681223,0.004840201965905281
32,0.18,0.2,1000,154,162.61994727777187,50.92959035560639,16.47267198562622,0.154,0.16261994727777188,0.004950641570032719
32,0.18,0.3,1000,80,90.58022665744306,26.471084718060414,15.086257219314575,0.08,0.09058022665744306,0.004276048625611647
32,0.18,0.4,1000,35,27.76948018193667,6.820985166175446,18.98466682434082,0.035,0.027769480181936673,0.0024608732258355175
32,0.18,0.5,1000,5,6.941467474739346,1.4386161989316162,15.017868995666504,0.005,0.006941467474739346,0.0011797559291145915
32,0.18,0.6,1000,2,1.6454809056121646,0.42098621797101876,17.890982389450073,0.002,0.0016454809056121646,0.0006470682405033898
32,0.18,0.7,1000,0,0.0016046685354781376,1.907113106158267e-07,18.26969075202942,0.0,1.6046685354781376e-06,4.3396390884640905e-07
32,0.18,0.8,1000,0,1.0692850241911245e-06,6.337184043909065e-13,15.00026535987854,0.0,1.0692850241911245e-09,7.957438294891875e-10
32,0.18,0.9,1000,0,3.213773691612687e-11,9.220295528586037e-22,15.260826110839844,0.0,3.213773691612687e-14,3.0363113103927196e-14
32,0.18,1.0,1000,0,1.9872992140790302e-14,3.956630477749137e-30,15.323838472366333,0.0,1.98729921407903e-17,1.8881895882146652e-18
32,0.2,0.1,1000,417,417.08297085744186,181.8523471640383,15.257267236709595,0.417,0.41708297085744184,0.002811057564227032
32,0.2,0.0,1000,480,466.850047944436,220.108564035196,19.052796125411987,0.48,0.466850047944436,0.001470291987328292
32,0.2,0.2,1000,347,337.8090753978788,131.2806358359618,15.76819634437561,0.347,0.3378090753978788,0.004145219808653585
32,0.2,0.3,4000,895,897.4546880852358,300.32571590071814,45.691489696502686,0.22375,0.22436367202130897,0.0024873961682848208
32,0.2,0.4,1000,110,108.76673888315955,30.75472704387841,17.1670241355896,0.11,0.10876673888315955,0.0043524093354858785
32,0.2,0.5,1000,29,38.979580953799,9.987118889010564,16.952106714248657,0.029,0.038979580953799,0.0029113892465662873
32,0.2,0.6,1000,8,8.872706455575813,2.1489410891224416,15.24749755859375,0.008,0.008872706455575812,0.0014395445313478005
32,0.2,0.7,1000,2,0.23798333530702287,0.00927877398291295,15.22640585899353,0.002,0.00023798333530702286,9.608001500995618e-05
32,0.2,0.8,1000,0,0.00557894019414773,1.538310127975582e-05,15.345304012298584,0.0,5.57894019414773e-06,3.92012041270623e-06
32,0.2,0.9,1000,0,1.8483417019155013e-09,1.161901871401173e-18,15.159549474716187,0.0,1.8483417019155014e-12,1.0768682136193066e-12
32,0.2,1.0,1000,0,9.43689570931383e-15,1.9598263114084512e-30,17.140144109725952,0.0,9.436895709313831e-18,1.368445817244775e-18
32,0.24,0.0,1000,487,499.712265527015,249.71296746544124,14.831993103027344,0.487,0.49971226552701503,2.4895121335910538e-05
32,0.24,0.1,1000,472,498.308199883431,248.32232011948258,15.015241384506226,0.472,0.49830819988343095,0.00010615704279479454
32,0.24,0.2,1000,498,491.0749187713628,241.3603925703882,15.599922180175781,0.498,0.4910749187713628,0.0004538972866568856
32,0.24,0.3,1000,436,461.88533823285604,215.93556433613895,14.713988780975342,0.436,0.46188533823285605,0.001612482173674965
32,0.24,0.4,1000,405,380.66634543982684,156.80753016526916,16.79247212409973,0.405,0.38066634543982686,0.0034514600085973042
32,0.24,0.5,1000,259,252.1770135385109,87.59069174509456,18.074008226394653,0.259,0.2521770135385109,0.004901169967971646
32,0.24,0.6,4000,383,394.0277672129776,110.36994920054244,48.26090431213379,0.09575,0.0985069418032444,0.002115026184972124
32,0.24,0.7,1000,17,22.439114073728454,5.648594554506784,14.828853368759155,0.017,0.022439114073728453,0.002269412026283025
32,0.24,0.8,1000,1,1.132364082485629,0.20461991028650167,16.820408582687378,0.001,0.0011323640824856289,0.0004511554090047823
32,0.24,0.9,1000,0,0.0009207237700811222,7.074276632042304e-07,18.853511571884155,0.0,9.207237700811221e-07,8.410036968774868e-07
32,0.24,1.0,1000,0,3.164135620181696e-14,6.840903162463462e-30,14.916963338851929,0.0,3.164135620181696e-17,2.417762046498102e-18
32,0.28,0.0,1000,494,499.9996104184186,249.99961042067758,15.256286859512329,0.494,0.4999996104184186,4.592725349236441e-08
32,0.28,0.1,1000,518,499.9911929607862,249.9911936566189,16.638030529022217,0.518,0.4999911929607862,7.866941319036269e-07
32,0.28,0.2,1000,503,499.86767409185643,249.86783284992845,15.409902572631836,0.503,0.49986767409185645,1.1890723919822577e-05
32,0.28,0.3,1000,485,498.6181268220964,248.62745303433235,16.42627239227295,0.485,0.4986181268220964,8.61630014505087e-05
32,0.28,0.4,1000,465,490.9842462725872,241.3055034175422,14.756930112838745,0.465,0.4909842462725872,0.0004901158467391892
32,0.28,0.5,1000,468,447.32334412885,203.9403759775317,18.534661293029785,0.468,0.44732334412885,0.0019611343204219488
32,0.28,0.6,1000,320,311.50177166312756,116.36728485754044,17.077698707580566,0.32,0.31150177166312754,0.0043992367966120965
32,0.28,0.7,1000,118,124.26855520151827,36.75084419194178,16.88963294029236,0.118,0.12426855520151826,0.0046183871513710215
32,0.28,0.8,1000,16,16.47196036545535,3.9151231566138214,15.063297986984253,0.016,0.016471960365455347,0.0019098285586555002
32,0.28,0.9,1000,0,0.3104459686101816,0.01801119758412373,18.90806245803833,0.0,0.0003104459686101816,0.0001339132317522647
32,0.28,1.0,1000,0,6.139533326177116e-14,1.532115789358934e-29,15.46457576751709,0.0,6.139533326177116e-17,3.4004903001695127e-18
32,0.32,0.0,1000,496,499.99999990099286,249.99999990099283,14.441760540008545,0.496,0.49999999990099286,0.0
32,0.32,0.1,1000,521,499.999987766936,249.99998776693923,16.543090343475342,0.521,0.499999987766936,1.7640113959823484e-09
32,0.32,0.2,1000,497,499.99934056061153,249.99934056584374,14.780320405960083,0.497,0.4999993405606115,6.929781308675167e-08
32,0.32,0.3,1000,534,499.98175573199666,249.98175813243907,16.53854274749756,0.534,0.49998175573199666,1.4386308528963637e-06
32,0.32,0.4,1000,512,499.595912957029,249.59712102691725,14.371780633926392,0.512,0.499595912957029,3.233928538727872e-05
32,0.32,0.5,1000,488,494.3928689979388,244.5335156653294,18.127119302749634,0.488,0.49439286899793883,0.000330629801109425
32,0.32,0.6,1000,443,453.87176712587495,209.33395179755718,14.974239826202393,0.443,0.45387176712587496,0.001826939657488665
32,0.32,0.7,1000,300,296.68340604004794,108.76294944127653,15.120091676712036,0.3,0.29668340604004795,0.004556607146819111
32,0.32,0.8,1000,71,72.67397070400838,19.333726595306192,15.189538478851318,0.071,0.07267397070400838,0.0037505048812504437
32,0.32,0.9,1000,2,2.040286859401549,0.25238142523977847,18.076069355010986,0.002,0.002040286859401549,0.000498464764946355
32,0.32,1.0,1000,0,5.0737192225369654e-14,1.349691705026575e-29,16.009409427642822,0.0,5.0737192225369656e-17,3.306597641581895e-18
32,0.36,0.0,1000,483,499.9999999999942,249.9999999999942,13.995023488998413,0.483,0.4999999999999942,0.0
32,0.36,0.1,1000,482,499.99999999501426,249.9999999950142,16.543760299682617,0.482,0.49999999999501427,0.0
32,0.36,0.2,1000,503,499.9999983118322,249.9999983118322,14.55001163482666,0.503,0.49999999831183223,0.0
32,0.36,0.3,1000,508,499.9998230285149,249.99982302869978,14.227673768997192,0.508,0.4999998230285149,1.2397481270302717e-08
32,0.36,0.4,1000,518,499.98872297650985,249.98872413021897,17.945223331451416,0.518,0.49998872297650987,1.0136890154975681e-06
32,0.36,0.5,1000,524,499.61343640372843,249.61430795199644,17.921690464019775,0.524,0.4996134364037284,2.688567822757158e-05
32,0.36,0.6,1000,490,491.8824835392917,242.17216939894428,14.771989822387695,0.49,0.4918824835392917,0.0004733030762256716
32,0.36,0.7,1000,420,423.09424807041796,186.33363668892738,14.70571780204773,0.42,0.42309424807041796,0.002707808369294222
32,0.36,0.8,5000,887,913.284819392435,285.78514588614115,48.83648896217346,0.1774,0.182656963878487,0.0021816609437946585
32,0.36,0.9,1000,10,10.211316610176842,2.355515245676564,17.68522882461548,0.01,0.010211316610176843,0.0015011654660695504
32,0.36,1.0,1000,0,5.573319583618286e-14,1.4692534359741345e-29,17.80768871307373,0.0,5.573319583618286e-17,3.4055753089326693e-18
32,0.4,0.0,1000,501,499.9999999999999,249.99999999999983,15.594377279281616,0.501,0.4999999999999999,0.0
32,0.4,0.1,1000,467,499.9999999999994,249.99999999999935,15.005823850631714,0.467,0.4999999999999994,0.0
32,0.4,0.2,1000,506,499.9999999981762,249.9999999981762,17.35408854484558,0.506,0.4999999999981762,1.666834094161849e-10
32,0.4,0.3,1000,493,499.99999870439467,249.99999870439467,17.407273530960083,0.493,0.49999999870439465,1.666834094161849e-10
32,0.4,0.5,1000,488,499.973911468477,249.9739187017018,18.319810152053833,0.488,0.49997391146847703,2.561088139397431e-06
32,0.4,0.4,1000,512,499.99975124876715,249.99975124914462,19.603835582733154,0.512,0.49999975124876717,1.777348563285328e-08
32,0.4,0.6,1000,503,498.8936087538955,248.90462665527724,14.518008947372437,0.503,0.4988936087538955,9.90131475900629e-05
32,0.4,0.7,1000,489,474.32023049327057,226.4201426950891,18.10058856010437,0.489,0.47432023049327054,0.0012007928811594757
32,0.4,0.8,11000,3367,3253.767572847612,1194.0405137820167,114.66634249687195,0.3060909090909091,0.29579705207705564,0.0013835118590067226
32,0.4,0.9,1000,21,23.12544823294884,4.866293641830774,18.020450830459595,0.021,0.02312544823294884,0.0020822687456197777
32,0.4,1.0,1000,0,5.6066262743570405e-14,1.4482993181792014e-29,18.55314350128174,0.0,5.60662627435704e-17,3.3691123878616733e-18
32,0.44,0.0,1000,489,499.9999999999999,249.9999999999999,14.63425087928772,0.489,0.4999999999999999,0.0
32,0.44,0.2,1000,506,499.99999999999704,249.99999999999696,17.17988133430481,0.506,0.49999999999999706,0.0
32,0.44,0.1,1000,484,499.9999999999999,249.99999999999983,20.06673836708069,0.484,0.4999999999999999,0.0
32,0.44,0.3,1000,526,499.99999998902643,249.9999999890264,15.261969327926636,0.526,0.49999999998902644,0.0
32,0.44,0.4,1000,517,499.999989766594,249.9999897665952,18.304461240768433,0.517,0.499999989766594,1.0541984438350023e-09
32,0.44,0.5,1000,486,499.9979457904846,249.99794583880228,16.29283833503723,0.486,0.4999979457904846,2.1010005720774142e-07
32,0.44,0.6,1000,494,499.798809063039,249.79922182379053,18.439947366714478,0.494,0.49979880906303903,1.9304290041113295e-05
32,0.44,0.7,1000,473,491.50628921350403,241.79696193035738,18.009787559509277,0.473,0.49150628921350403,0.00046770540115651627
32,0.44,0.8,1000,367,376.98335887495796,155.18488267469334,14.773292303085327,0.367,0.37698335887495793,0.0036168371980731164
32,0.44,0.9,1000,49,53.280460960699976,14.045477039712392,16.644538164138794,0.049,0.05328046096069998,0.0033493114825191538
32,0.44,1.0,1000,0,7.16093850883226e-14,2.0645969003831168e-29,16.95956587791443,0.0,7.16093850883226e-17,3.94126864977169e-18
32,0.48,0.1,1000,500,499.9999999999999,249.99999999999986,16.541728973388672,0.5,0.4999999999999999,0.0
32,0.48,0.0,1000,504,499.9999999999999,249.9999999999999,17.975181818008423,0.504,0.4999999999999999,0.0
32,0.48,0.2,1000,513,499.9999999999999,249.99999999999983,16.45536160469055,0.513,0.4999999999999999,0.0
32,0.48,0.4,1000,516,499.99999963186406,249.99999963186403,14.628883838653564,0.516,0.49999999963186403,0.0
32,0.48,0.3,1000,519,499.99999999991667,249.99999999991664,17.2689208984375,0.519,0.4999999999999167,0.0
32,0.48,0.6,1000,498,499.9579948715791,249.95801190483883,15.089538097381592,0.498,0.4999579948715791,3.909490121319625e-06
32,0.48,0.5,1000,522,499.9996192791669,249.9996192958305,20.310968160629272,0.522,0.4999996192791669,1.2858920150486338e-07
32,0.48,0.7,1000,490,496.21815656026456,246.3003437248919,15.056057214736938,0.49,0.4962181565602646,0.0002606775356685834
32,0.48,0.8,1000,429,408.6750284916574,175.88781384501058,18.70220708847046,0.429,0.4086750284916574,0.0029801705234268608
32,0.48,0.9,1000,77,73.4715786532563,19.35297226482534,17.095534801483154,0.077,0.0734715786532563,0.00373749491816203
32,0.5,0.0,1000,494,500.0,250.0,15.294723987579346,0.494,0.5,0.0
32,0.48,1.0,1000,0,7.549516567451064e-14,2.2211364862629114e-29,19.081048011779785,0.0,7.549516567451065e-17,4.065510201143628e-18
32,0.5,0.1,1000,493,499.9999999999999,249.9999999999999,14.752962112426758,0.493,0.4999999999999999,0.0
32,0.5,0.2,1000,483,499.9999999999999,249.9999999999999,18.065950870513916,0.483,0.4999999999999999,0.0
32,0.5,0.3,1000,474,499.99999999999056,249.99999999999056,17.34631085395813,0.474,0.49999999999999056,0.0
32,0.5,0.4,1000,489,499.9999999218752,249.9999999218752,17.228771924972534,0.489,0.4999999999218752,0.0
32,0.5,0.5,1000,514,499.9998888042031,249.99988880452085,18.92074680328369,0.514,0.4999998888042031,1.7484287197296964e-08
32,0.5,0.6,1000,542,499.9648268630536,249.96484719437365,16.864641427993774,0.542,0.4999648268630536,4.371874172309312e-06
32,0.5,0.7,1000,473,497.0801112177514,247.13663191356346,17.384830713272095,0.473,0.49708011121775136,0.0002191871079687577
8,0.08,0.0,2000,3,7.8515327777529915,1.2253958275594745,2.7076380252838135,0.0015,0.003925766388876496,0.000546619183971799
32,0.5,0.8,4000,1706,1693.106419934602,745.8395989986402,51.169801473617554,0.4265,0.4232766049836505,0.0013507997708020543
32,0.5,0.9,8000,689,681.1941199980649,189.94121462520576,81.72512483596802,0.086125,0.08514926499975811,0.0014358932885005615
8,0.08,0.1,2000,5,5.130196246123134,0.7934723271150559,2.6790475845336914,0.0025,0.002565098123061567,0.00044178705899000994
8,0.08,0.2,2000,4,3.898628343218443,0.5649750126126003,2.222994327545166,0.002,0.0019493141716092216,0.0003733812355446645
8,0.08,0.4,2000,0,1.7695174856128844,0.3370305425840835,1.9637751579284668,0.0,0.0008847587428064421,0.00028966910557547745
8,0.08,0.3,2000,3,3.539346254901414,0.6990786373436311,2.767120599746704,0.0015,0.001769673127450707,0.00041628167514728406
8,0.08,0.5,2000,1,0.9032563028670341,0.09878473499672048,2.0121560096740723,0.0005,0.000451628151433517,0.00015686460087317356
8,0.08,0.7,2000,0,0.9211051795744638,0.1531912773778003,2.02390456199646,0.0,0.0004605525897872319,0.00019547600987253666
8,0.08,0.8,2000,0,0.08384564345408807,0.004554669220316653,2.0309767723083496,0.0,4.192282172704404e-05,3.373955723553007e-05
32,0.5,1.0,1000,0,4.629630012686903e-14,1.1820587626671099e-29,17.93006420135498,0.0,4.6296300126869026e-17,3.112382873038333e-18
8,0.08,0.9,2000,0,0.088775220234528,0.006434903304274731,1.958094835281372,0.0,4.4387610117263996e-05,4.010666987655563e-05
8,0.08,0.6,2000,2,0.8964075935478266,0.10523951122993264,2.698788642883301,0.001,0.00044820379677391333,0.00016193376966723528
8,0.12,0.0,2000,113,101.39088743202963,25.04963707501458,2.0186655521392822,0.0565,0.05069544371601482,0.002231565639763733
8,0.08,1.0,2000,0,2.1094237467877974e-15,3.3280069439011436e-31,3.0648012161254883,0.0,1.0547118733938987e-18,2.875505306610149e-19
8,0.12,0.1,2000,67,73.50064192604049,16.74051943559737,2.0219931602478027,0.0335,0.03675032096302024,0.0018739243874184787
8,0.12,0.2,2000,50,57.91099095858687,13.367152160065558,2.0356554985046387,0.025,0.028955495479293436,0.0017099823685175876
8,0.12,0.4,2000,34,31.78973829678837,6.9919053564014675,1.927208662033081,0.017,0.015894869148394185,0.001273759843356413
8,0.12,0.3,2000,41,43.33280339351408,9.785540455940396,2.020784854888916,0.0205,0.02166640169675704,0.0014875399222382595
8,0.12,0.5,2000,24,17.608068779760004,3.416761094000676,2.7017955780029297,0.012,0.008804034389880002,0.0009032401032245583
8,0.12,0.6,2000,10,12.56578664691575,2.5592908970966324,2.0332555770874023,0.005,0.006282893323457875,0.0007876519204515899
8,0.12,0.9,2000,1,0.9136386333691506,0.21054734093348224,2.0338077545166016,0.0005,0.00045681931668457534,0.00022925700136672012
8,0.12,1.0,2000,0,1.6653345369377348e-15,2.341930812374879e-31,2.055544376373291,0.0,8.326672684688674e-19,2.413104189182919e-19
8,0.14,0.0,2000,234,228.58344026080374,63.45193607049049,1.9593746662139893,0.117,0.11429172013040187,0.0030555447221754383
8,0.14,0.1,2000,189,179.83881112681834,48.34350957015345,2.0473756790161133,0.0945,0.08991940556340917,0.002836750115838508
8,0.12,0.7,2000,3,3.65668338239736,0.5386849270337755,3.073645830154419,0.0015,0.0018283416911986801,0.00036478260411193893
8,0.12,0.8,2000,1,1.503837975281062,0.26790455418740494,3.1818149089813232,0.0005,0.000751918987640531,0.00025831533224007287
8,0.14,0.3,2000,85,91.43316958720413,21.70169489309052,2.023155927658081,0.0425,0.045716584793602064,0.002093468883614145
8,0.14,0.2,2000,123,128.83278713091227,32.09451167967234,2.7051453590393066,0.0615,0.06441639356545613,0.002439645050804558
8,0.14,0.4,2000,75,72.1326287510663,16.443529649962635,2.0260472297668457,0.0375,0.036066314375533155,0.0018607052448406094
8,0.14,0.5,2000,43,48.42533856691912,11.15641214334259,2.032822370529175,0.0215,0.02421266928345956,0.0015802610453359463
8,0.14,0.6,2000,27,28.18515961957246,5.502694326469498,1.950089931488037,0.0135,0.01409257980978623,0.0011300494168894047
8,0.14,0.7,2000,17,15.159311236077905,3.0953858454010943,1.963073492050171,0.0085,0.007579655618038952,0.0008634197232606495
8,0.14,1.0,2000,0,0.14000000000000323,0.019600000000000003,2.0440292358398438,0.0,7.000000000000162e-05,7e-05
8,0.14,0.8,2000,8,4.436886240071254,0.5151753248668283,3.055323362350464,0.004,0.002218443120035627,0.0003555225512122974
8,0.16,0.1,2000,318,314.96730338852,95.49674927610903,2.0150794982910156,0.159,0.15748365169426,0.003388122892091388
8,0.16,0.3,2000,184,187.9688915812289,51.197511673453405,1.962749719619751,0.092,0.09398444579061445,0.0028960375359763156
8,0.14,0.9,2000,3,2.2317663580751432,0.44033787412127046,3.175201892852783,0.0015,0.0011158831790375717,0.0003309329678504293
8,0.16,0.2,2000,253,248.0106243616305,69.82460714812737,2.01872181892395,0.1265,0.12400531218081526,0.0031260804935457406
8,0.16,0.4,2000,148,143.8699584743622,38.634083856474334,1.9658925533294678,0.074,0.07193497923718109,0.002659837911236091
8,0.16,0.0,4000,735,766.5904894940031,243.35641182933955,4.9991350173950195,0.18375,0.19164762237350078,0.0024554185425369928
8,0.16,0.5,4000,189,183.1266948660122,44.1890855672367,3.8814291954040527,0.04725,0.04578167371650305,0.0014961240030957885
8,0.16,0.7,2000,39,35.08899398223662,7.858428449636383,2.0265917778015137,0.0195,0.017544496991118312,0.0013459599656706026
8,0.16,0.8,2000,18,13.72839042195835,3.0129184626754757,2.006757974624634,0.009,0.006864195210979175,0.0008544214684478185
8,0.16,1.0,4000,1,0.3793675889329404,0.04278898904841516,3.9399921894073486,0.00025,9.48418972332351e-05,5.169846469646116e-05
8,0.18,0.0,2000,549,553.8222947434941,197.15128876678588,1.9947702884674072,0.2745,0.27691114737174705,0.0033095931964352825
8,0.16,0.6,2000,57,61.400215946877,14.639477693242982,3.09417724609375,0.0285,0.030700107973438497,0.001786117637959121
8,0.18,0.1,2000,496,477.7724353921035,160.97137023250463,2.693814277648926,0.248,0.23888621769605176,0.003422774861050338
8,0.18,0.2,2000,396,393.94817843866434,126.23039584233186,2.0259125232696533,0.198,0.19697408921933218,0.0034877335321503405
8,0.16,0.9,2000,8,3.1780913663222563,0.39598947323635,3.193279266357422,0.004,0.0015890456831611282,0.0003127038968114109
8,0.18,0.3,2000,347,314.47529490260223,93.49135990692538,2.0208797454833984,0.1735,0.15723764745130112,0.003319112734360376
8,0.18,0.4,2000,234,235.31941318303552,66.8796046328725,1.9628777503967285,0.117,0.11765970659151775,0.003130958212797201
8,0.18,0.5,2000,157,163.6108409506221,42.61673090419004,2.0320944786071777,0.0785,0.08180542047531106,0.002704029438463703
8,0.18,0.6,2000,108,103.89564066230739,25.555052745799337,1.947948932647705,0.054,0.05194782033115369,0.002245438969545576
8,0.18,0.9,2000,13,9.242128441903425,1.970440690452856,2.0312700271606445,0.0065,0.004621064220951713,0.0006943876024363789
8,0.18,0.7,2000,63,61.09022871579195,14.753560236305642,3.0731699466705322,0.0315,0.030545114357895975,0.001795410761750537
8,0.18,0.8,2000,22,24.711845154379976,5.155459837625787,2.717365026473999,0.011,0.012355922577189989,0.0011014250390280716
8,0.2,0.0,2000,705,713.4911334598776,282.17192092208495,2.0181984901428223,0.3525,0.3567455667299388,0.0026292084185630363
8,0.2,0.1,2000,624,631.4317878840784,235.9346925282711,1.9724063873291016,0.312,0.3157158939420392,0.003024894259457306
8,0.2,0.3,10000,2210,2228.626280804093,735.154346401392,8.757838487625122,0.221,0.2228626280804093,0.0015443467438401768
8,0.2,0.2,2000,551,543.3627144437603,192.61387205423873,2.026987075805664,0.2755,0.27168135722188014,0.003354655711107817
8,0.18,1.0,2000,2,0.6468841427189053,0.1799249692291262,3.2238268852233887,0.001,0.00032344207135945265,0.00021201747717070833
8,0.2,0.4,2000,355,349.23217779222585,106.88505969401831,2.0247390270233154,0.1775,0.17461608889611294,0.0033884534054723988
8,0.2,0.7,2000,85,93.7934806671268,23.055460064447555,2.0261332988739014,0.0425,0.0468967403335634,0.002160219007933263
8,0.2,0.8,2000,54,47.73182315837106,10.876905907914956,1.9986727237701416,0.027,0.02386591157918553,0.00156065801376982
8,0.2,0.9,2000,11,16.351257695411295,3.357767861524411,1.994171142578125,0.0055,0.008175628847705648,0.0008980115390213492
8,0.2,1.0,2000,0,0.8532296101336421,0.14355105801638868,2.050018310546875,0.0,0.00042661480506682106,0.00018924764660100288
8,0.2,0.6,2000,183,171.89549095450667,45.42638396970442,2.714121103286743,0.0915,0.08594774547725334,0.0027689207242359423
8,0.2,0.5,2000,283,256.3266052055093,72.74912237988295,3.066277027130127,0.1415,0.12816330260275463,0.0031590115867230744
8,0.24,0.1,2000,868,860.5519922682338,381.58815563490367,1.9999217987060547,0.434,0.4302759961341169,0.001682182318537155
8,0.24,0.0,2000,936,913.4961026303147,422.5236402967013,3.1362922191619873,0.468,0.45674805131515733,0.001149860849870777
8,0.24,0.2,2000,827,795.7103773285712,335.0605083490012,2.004021167755127,0.4135,0.3978551886642856,0.002150130936763104
8,0.24,0.3,2000,713,707.3787050935057,279.0454748008962,1.9348344802856445,0.3565,0.3536893525467528,0.0026864285020826158
8,0.24,0.4,2000,599,599.3422577201279,218.60904351427078,1.941465139389038,0.2995,0.299671128860064,0.0031234189625221394
8,0.24,0.5,2000,464,467.2586579358467,155.11091892504578,2.0189244747161865,0.232,0.23362932896792335,0.003390006508301058
8,0.24,0.6,10000,1771,1759.7556803609436,545.1518482519036,10.515235662460327,0.1771,0.17597556803609438,0.0015346054637428354
8,0.24,0.8,2000,123,125.67449145076992,31.600265016165586,2.0210726261138916,0.0615,0.06283724572538496,0.0024349067568024763
8,0.24,0.7,2000,226,229.12605269891185,65.45180827833903,3.0512990951538086,0.113,0.11456302634945592,0.0031313753084024802
8,0.28,0.0,2000,978,982.2765712718688,482.7475320975766,1.9945120811462402,0.489,0.49113828563593437,0.00028020434138015097
8,0.24,1.0,2000,2,3.8199668443145347,1.1036359064770411,2.0387144088745117,0.001,0.0019099834221572673,0.0005236621709818853
8,0.28,0.1,2000,964,962.2862593527049,464.3191459189966,1.9941585063934326,0.482,0.4811431296763524,0.0005749749215850428
8,0.28,0.2,2000,918,926.4018678399229,433.58157759474034,2.008253335952759,0.459,0.4632009339199615,0.0010575448014275056
8,0.24,0.9,2000,49,39.86194488715953,9.548526577334927,3.1833646297454834,0.0245,0.019930972443579765,0.0014797312645774732
8,0.28,0.4,2000,777,791.8928050391605,333.7065896459002,2.011007070541382,0.3885,0.39594640251958024,0.0022455270591250835
8,0.28,0.3,2000,870,874.7237772937801,392.36494047688103,2.6902430057525635,0.435,0.4373618886468901,0.0015651674585869827
8,0.28,0.6,2000,529,542.0091006340067,191.4286431064939,1.9766507148742676,0.2645,0.2710045503170033,0.003337813375464182
8,0.28,0.7,2000,367,372.6401154997444,115.55514619451368,2.0194764137268066,0.1835,0.1863200577498722,0.0033966119995089473
8,0.28,0.8,2000,235,210.26903390396,58.01891723622829,1.9671475887298584,0.1175,0.10513451695198,0.002997096474144877
8,0.28,0.9,2000,79,79.17060686829667,18.86685933575542,2.0389883518218994,0.0395,0.03958530343414834,0.0019837298964584644
8,0.28,0.5,2000,655,669.5900789955153,258.1874486131993,3.0640370845794678,0.3275,0.3347950394977577,0.002916720169200325
8,0.32,0.0,2000,956,997.7250438610979,497.733918761249,2.0002732276916504,0.478,0.498862521930549,3.9655808529198155e-05
8,0.32,0.2,2000,964,980.6777993632471,481.235286306972,1.9662179946899414,0.482,0.4903388996816236,0.00030454832308008116
8,0.32,0.3,2000,968,955.6110201992257,458.35263161596544,2.021280288696289,0.484,0.4778055100996128,0.0006628158308524199
8,0.28,1.0,2000,9,8.308960870793815,2.7767691249808824,3.214235782623291,0.0045,0.004154480435396907,0.0008281940473652406
8,0.32,0.4,2000,922,908.856254959888,419.02103850089,1.9733154773712158,0.461,0.454428127479944,0.0012261932464734992
8,0.32,0.5,2000,812,828.5473861336377,358.38240784739924,2.036311388015747,0.406,0.4142736930668188,0.0019458028298277512
8,0.32,0.1,2000,933,992.1372093286951,492.25896807818947,2.708256959915161,0.4665,0.49606860466434755,0.00015074187967562732
8,0.32,0.7,2000,511,535.0368296020667,188.56895851571585,2.057408571243286,0.2555,0.2675184148010334,0.0033711824239527387
8,0.32,0.8,2000,337,329.58895176956463,101.09068626767623,1.9918816089630127,0.1685,0.16479447588478233,0.0034205133944760252
8,0.32,0.6,2000,714,707.0489690988803,280.3059074239653,3.0885703563690186,0.357,0.3535244845494402,0.002755084665445789
8,0.36,0.0,2000,1032,999.8183742946899,499.81842679738213,1.9565308094024658,0.516,0.49990918714734495,3.0011146761926935e-06
8,0.32,0.9,2000,134,143.2527882128025,38.35897987800132,2.0651650428771973,0.067,0.07162639410640124,0.002651054289821573
8,0.36,0.1,2000,1006,998.9977812260398,498.9995999193804,2.0420045852661133,0.503,0.4994988906130199,1.814614745956407e-05
8,0.32,1.0,2000,14,15.886842912217148,4.908349302338479,3.256406545639038,0.007,0.007943421456108574,0.001093680219068045
8,0.36,0.2,2000,979,995.6523562994911,495.6839398234846,2.7393181324005127,0.4895,0.49782617814974556,7.440361704348347e-05
8,0.36,0.3,2000,1029,985.2619433493451,485.67498440891467,2.041240692138672,0.5145,0.4926309716746725,0.00027594754789137134
8,0.36,0.4,2000,966,960.5869095380494,462.77709714433036,1.9279859066009521,0.483,0.48029345476902474,0.0005946004658230275
8,0.36,0.6,2000,856,816.9162182284854,350.0861938748434,1.9336299896240234,0.428,0.4084581091142427,0.0020259781123633724
8,0.36,0.7,2000,650,651.8017561003787,247.53499449444536,2.0429952144622803,0.325,0.32590087805018936,0.002963519645795291
8,0.36,0.8,2000,449,444.8578411823025,146.1437415436254,2.0549914836883545,0.2245,0.22242892059115124,0.0034357714258779573
8,0.36,0.5,2000,909,909.3105829614389,419.34074705757973,3.083648443222046,0.4545,0.4546552914807194,0.001216638744082547
8,0.4,0.0,2000,996,999.993894312724,499.9938943564639,2.0229086875915527,0.498,0.499996947156362,7.923502393909993e-08
8,0.4,0.1,2000,1046,999.903345796751,499.90336096618904,1.9465689659118652,0.523,0.4999516728983755,1.620468478402811e-06
8,0.4,0.2,2000,957,999.2246093544323,499.2258337772884,1.9483356475830078,0.4785,0.4996123046772162,1.5200901817411651e-05
8,0.36,1.0,2000,23,25.658905348567927,8.592586476294827,2.7745707035064697,0.0115,0.012829452674283964,0.0014376656886874205
8,0.4,0.3,2000,994,996.0403382134575,496.07362832510637,2.0324480533599854,0.497,0.49802016910672875,7.978624976816736e-05
8,0.4,0.4,2000,984,985.438204521961,485.8171843287331,2.0417988300323486,0.492,0.4927191022609805,0.00026129169988008783
8,0.36,0.9,2000,186,199.55328791760127,54.40779821713457,3.2221200466156006,0.093,0.09977664395880063,0.0029374435316604566
8,0.4,0.6,2000,875,886.3855022329724,400.7842108374619,2.0560898780822754,0.4375,0.4431927511164862,0.0014096591636791173
8,0.4,0.7,2000,757,745.428129347816,303.5661222676871,1.9776694774627686,0.3785,0.372714064673908,0.002537097159165621
8,0.4,0.8,18000,4875,4868.051433498093,1721.511268428074,16.288994073867798,0.2708333333333333,0.27044730186100513,0.0011180096842759674
8,0.4,0.5,2000,942,956.3468159825525,459.1490350715538,3.1398510932922363,0.471,0.4781734079912762,0.0006801367552894411
8,0.4,1.0,2000,47,37.48747435775658,12.54231347207198,2.0778000354766846,0.0235,0.01874373717887829,0.001720870484352184
8,0.44,0.0,2000,999,999.9999554380763,499.99995543807825,2.023733139038086,0.4995,0.49999997771903815,4.858399046386736e-10
8,0.4,0.9,2000,252,256.11992927762014,74.18581140246155,3.0000274181365967,0.126,0.12805996463881006,0.0032174448798302853
8,0.44,0.2,2000,1021,999.8662152102602,499.8662608002874,2.0409841537475586,0.5105,0.4999331076051301,3.0273409033163965e-06
8,0.44,0.3,2000,1021,998.7750908669371,498.78042692218145,1.9550096988677979,0.5105,0.4993875454334686,3.386793515342658e-05
8,0.44,0.1,2000,1015,999.9934970500644,499.99349741762956,3.1849265098571777,0.5075,0.49999674852503223,2.94361252998283e-07
8,0.44,0.4,2000,968,993.4842383077212,493.5980891194887,1.9601507186889648,0.484,0.4967421191538606,0.00015220838621603659
8,0.44,0.6,2000,948,930.345025026319,436.8255850761748,2.0631489753723145,0.474,0.4651725125131595,0.0010070601547169503
8,0.44,0.7,2000,827,815.2971349432097,348.98369638357576,2.045823097229004,0.4135,0.40764856747160483,0.002039442688164418
8,0.44,0.5,2000,959,976.058122408998,477.05399793960896,3.1230642795562744,0.4795,0.48802906120449896,0.00042119579506309123
8,0.44,0.9,2000,304,306.5391408783395,92.13749023822871,2.0496702194213867,0.152,0.15326957043916975,0.0033606902665653765
8,0.44,1.0,2000,32,38.8516991380414,13.294971362217309,2.0217087268829346,0.016,0.019425849569020697,0.0017710531724047585
8,0.48,0.1,2000,953,999.9997985483668,499.9997985489862,1.9700953960418701,0.4765,0.4999998992741834,1.2240511561849598e-08
8,0.44,0.8,2000,622,615.8240528120148,230.18847575911894,3.102226734161377,0.311,0.3079120264060074,0.00318548027451788
8,0.48,0.2,2000,995,999.9807889838295,499.9807913308637,2.0096688270568848,0.4975,0.49999039449191474,7.354564006728133e-07
8,0.48,0.3,2000,1014,999.5861501807349,499.5873286726209,2.016939163208008,0.507,0.4997930750903674,1.6533320529886747e-05
8,0.48,0.0,2000,996,999.9999999982543,499.99999999825434,3.1270077228546143,0.498,0.49999999999912714,1.178334849391331e-10
8,0.48,0.6,2000,954,947.2459810237852,451.6722750098705,1.9488115310668945,0.477,0.4736229905118926,0.0008712518129761726
8,0.48,0.7,2000,869,849.4983701536323,374.4361436587229,1.9492058753967285,0.4345,0.42474918507681614,0.0018452108834963324
8,0.48,0.5,2000,991,985.9641522385043,486.4427053316796,2.503441572189331,0.4955,0.49298207611925215,0.0003083183023818641
8,0.48,0.4,2000,987,997.1501924256058,497.17212447330087,3.0527803897857666,0.4935,0.49857509621280294,6.685859374943759e-05
8,0.48,0.9,2000,348,352.7895990749686,110.51821862478587,2.039938449859619,0.174,0.1763947995374843,0.0034753461726526927
8,0.48,1.0,2000,40,42.27631109853711,14.451421153100753,2.068270683288574,0.02,0.021138155549268553,0.0018415048325450562
8,0.48,0.8,2000,667,657.198309561385,253.8886448388152,3.1065480709075928,0.3335,0.3285991547806925,0.0030802926890047327
8,0.5,0.1,2000,1023,999.9999819782777,499.9999819783644,1.9108715057373047,0.5115,0.49999999098913883,4.654049749382296e-09
8,0.5,0.2,2000,995,999.9926245728692,499.99262516666073,1.910766363143921,0.4975,0.4999963122864346,3.764560029071933e-07
8,0.5,0.0,4000,2040,2000.0,1000.0,4.941797494888306,0.51,0.5,0.0
8,0.5,0.3,2000,981,999.7990992928865,499.7995091909153,2.303950548171997,0.4905,0.49989954964644323,9.873100297642042e-06
8,0.5,0.5,4000,1926,1977.3220802805422,977.9721692771759,3.770987033843994,0.4815,0.49433052007013556,0.00018056290416753205
8,0.5,0.6,2000,954,952.6794288346144,456.4448837795705,2.038919448852539,0.477,0.4763397144173072,0.000813504809050872
8,0.5,0.4,2000,1001,997.9935603201817,498.02128923247346,3.1267218589782715,0.5005,0.49899678016009086,8.02011169430966e-05
8,0.5,0.8,10000,3428,3347.702017940862,1298.307228331859,9.298775434494019,0.3428,0.3347702017940862,0.001332719436529281
8,0.5,0.9,10000,1818,1796.0717988384638,567.4727259742765,9.096141338348389,0.1818,0.1796071798838464,0.0015649595084174632
8,0.5,0.7,2000,860,864.1392256065176,385.7056157319094,3.078125,0.43,0.4320696128032588,0.001756664940976453
8,0.5,1.0,4000,78,76.91772220310482,25.468687024321568,4.977285623550415,0.0195,0.019229430550776205,0.0012246326471531924
16,0.1,0.0,2000,5,4.006145344860543,0.8941540193464235,6.454260587692261,0.0025,0.0020030726724302715,0.0004707899492972073
16,0.1,1.0,2000,0,5.440092820663267e-15,8.997944700177166e-31,6.508218050003052,0.0,2.7200464103316336e-18,4.704890766562774e-19
16,0.3,0.0,2000,1003,999.8974586042577,499.8974845013153,6.542877435684204,0.5015,0.49994872930212886,2.2721143065008347e-06
16,0.1,0.5,2000,0,0.0021445836817204356,1.2999196311888837e-06,7.469626426696777,0.0,1.0722918408602178e-06,5.697080713352283e-07
16,0.3,0.5,2000,888,860.2700641962784,381.74357167260496,7.5749266147613525,0.444,0.43013503209813925,0.001711515305639516
8,0.1,0.0,2000,35,35.47167096821779,7.493576137283671,1.8627326488494873,0.0175,0.017735835484108897,0.0013103330074665973
8,0.1,0.5,2000,4,4.320857025156817,0.5291846317977664,1.8669531345367432,0.002,0.002160428512578409,0.00036059318628262716
8,0.1,1.0,2000,0,9.2148511043888e-15,1.4667882456453188e-30,2.290952682495117,0.0,4.6074255521944e-18,5.968760397312204e-19
8,0.3,0.0,2000,976,992.8223111467678,492.91637882705584,2.046616554260254,0.488,0.4964111555733839,0.00013071174657670656
8,0.3,1.0,2000,14,15.88579499660528,5.520149557148674,1.8897535800933838,0.007,0.00794289749830264,0.0011615365523883286
8,0.3,0.5,2000,778,760.2362051375724,311.9996835911554,2.272002696990967,0.389,0.3801181025687862,0.0023995653574124583
16,0.3,1.0,2000,0,5.484501741648273e-14,1.1660350255298081e-29,6.541340589523315,0.0,2.7422508708241366e-17,1.5938509190868105e-18
24,0.154,0.0,4000,451,466.8718023904929,136.97934554638644,35.15189790725708,0.11275,0.11671795059762323,0.002270843077095387
24,0.15,0.0,4000,355,346.610834559934,94.93977212156699,32.27701759338379,0.08875,0.0866527086399835,0.0020143428638714355
24,0.158,0.0,4000,585,559.9386333727139,166.6230544347812,38.152586698532104,0.14625,0.13998465834317847,0.00234870046148379
24,0.162,0.0,4000,704,719.5531855382583,225.0308664815291,35.02416777610779,0.176,0.17988829638456458,0.002444580404568222
24,0.166,0.0,4000,847,857.7953616570037,282.0756479088558,33.12245965003967,0.21175,0.2144488404142509,0.0024767287400646524
24,0.17,0.0,4000,926,987.0535367862504,340.0291174704098,39.106682777404785,0.2315,0.2467633841965626,0.0024556639566994058
24,0.174,0.0,4000,1130,1128.4035272385022,406.1546443927101,35.31590485572815,0.2825,0.28210088180962556,0.002343247980448669
24,0.178,0.0,4000,1302,1238.3437909688982,461.2907067918805,34.00715255737305,0.3255,0.3095859477422246,0.0022070392316794513
48,0.15,0.0,2000,92,98.27946276039545,25.60315800840899,86.28724312782288,0.046,0.049139731380197726,0.0022794804051585976
48,0.154,0.0,2000,163,153.1703361147013,42.00317222777712,85.25534272193909,0.0815,0.07658516805735066,0.0027517149273277924
48,0.158,0.0,2000,259,239.08655186941323,69.45338116751697,82.82065606117249,0.1295,0.11954327593470661,0.003197367583029678
48,0.162,0.0,2000,324,335.46037115044805,105.63000641503271,80.48861360549927,0.162,0.16773018557522404,0.0035138251964154554
48,0.166,0.0,2000,423,436.70316222648194,144.3775163180397,79.26537036895752,0.2115,0.21835158111324096,0.0035016858074262986
48,0.17,0.0,2000,538,532.8992604812702,187.3145874602386,84.75826740264893,0.269,0.26644963024063506,0.0033669886313434263
48,0.174,0.0,2000,685,658.6167981607342,252.40981729174405,87.71214747428894,0.3425,0.32930839908036713,0.0029807525750144997
48,0.178,0.0,2000,716,738.3551818409253,300.45679273579884,83.36878252029419,0.358,0.36917759092046265,0.0026403858020416816
24,0.17,0.2,4000,429,420.7460638946142,120.23718006628184,25.11645746231079,0.10725,0.10518651597365355,0.0021794404003294843
24,0.174,0.2,4000,502,505.92157034290597,147.62466361247047,25.385848999023438,0.1255,0.1264803925857265,0.0022865970742928393
24,0.178,0.2,4000,594,599.6270420895099,179.9828519685433,29.934454679489136,0.1485,0.14990676052237747,0.0023732524343682677
24,0.182,0.2,4000,728,713.7223550640923,223.82443402883302,30.68610405921936,0.182,0.17843058876602308,0.0024558432699372896
24,0.186,0.2,4000,839,854.1936495178724,283.3778339239411,25.183969020843506,0.20975,0.2135484123794681,0.0025123617381209804
24,0.19,0.2,4000,958,968.5444560404621,329.7782827586814,29.159586668014526,0.2395,0.24213611401011553,0.002440319043628588
24,0.194,0.2,4000,1074,1091.6763033149732,389.29892716448927,25.21248960494995,0.2685,0.2729190758287433,0.0023898546632179483
24,0.198,0.2,4000,1163,1215.1038865208445,450.80750047976164,26.804908990859985,0.29075,0.30377597163021114,0.002259819736466987
48,0.17,0.2,2000,115,115.815198700158,30.907172718007793,78.54671549797058,0.0575,0.057907599350079005,0.0024603200473973146
48,0.174,0.2,2000,190,175.61380748645223,47.9865080749123,82.38219571113586,0.095,0.08780690374322611,0.002854062662781518
48,0.178,0.2,2000,265,245.34384141742618,70.43908685232988,81.82061815261841,0.1325,0.12267192070871309,0.003176573146706725
48,0.182,0.2,2000,315,334.2787388878784,102.97744905907575,81.79612588882446,0.1575,0.1671393694439392,0.0034325601364368357
48,0.186,0.2,2000,430,428.97405727418004,141.02065976964326,78.55243301391602,0.215,0.21448702863709002,0.0035012785795295715
48,0.19,0.2,2000,530,524.0727655806925,184.55602701701784,75.60079622268677,0.265,0.26203638279034625,0.003437059861506025
48,0.194,0.2,2000,646,623.7233492392558,232.7209272821033,82.20730209350586,0.323,0.3118616746196279,0.00309130358444008
48,0.198,0.2,2000,675,711.5685544309139,283.6523641245482,79.53289365768433,0.3375,0.3557842772154569,0.002761463002328863
24,0.198,0.4,4000,479,479.29706051434016,141.89513478466367,25.760072231292725,0.11975,0.11982426512858504,0.002297890852767582
24,0.202,0.4,4000,570,551.4541176598972,165.5819503117935,25.354311227798462,0.1425,0.1378635294149743,0.0023661537100627323
24,0.206,0.4,4000,613,625.8503431921458,190.46202629755157,27.423431158065796,0.15325,0.15646258579803646,0.002405241724210472
24,0.21,0.4,4000,730,724.7562799739414,229.27868467361606,25.286335229873657,0.1825,0.18118906999348536,0.0024746876652590156
24,0.214,0.4,4000,838,825.3569143886045,270.2571988092406,25.57382583618164,0.2095,0.20633922859715115,0.002499733541401001
24,0.218,0.4,4000,925,916.5574761094997,305.9177149860246,27.23801016807556,0.23125,0.22913936902737492,0.002448498185194628
24,0.222,0.4,4000,1011,1034.7677937894418,362.50858511860815,26.14742636680603,0.25275,0.2586919484473605,0.002434725342603049
24,0.226,0.4,4000,1105,1129.4900738917133,403.2709243302624,27.261237382888794,0.27625,0.2823725184729283,0.0022961252189744883
48,0.198,0.4,2000,152,153.7645380282408,42.663361212767114,79.39615178108215,0.076,0.0768822690141204,0.0027774549117322036
48,0.202,0.4,2000,197,208.59635790282653,59.52475713330716,77.1331353187561,0.0985,0.10429817895141326,0.003073574083352996
48,0.206,0.4,2000,261,262.71914861722007,77.3085458280544,79.26907515525818,0.1305,0.13135957430861003,0.003271822120124633
48,0.21,0.4,2000,346,351.77266656223355,111.27333756844791,81.89661455154419,0.173,0.17588633328111677,0.0035151830009743598
48,0.214,0.4,2000,403,419.7307362812877,137.2012758867984,81.38629221916199,0.2015,0.20986536814064385,0.0035049571982802455
48,0.218,0.4,2000,496,502.3472363510001,172.8610191172685,75.70186138153076,0.248,0.25117361817550005,0.003417162572318445
48,0.222,0.4,2000,594,579.153662165317,209.963900701871,72.45442461967468,0.297,0.28957683108265847,0.0032509827852613316
48,0.226,0.4,2000,624,650.938618334336,249.22269608919262,75.56343197822571,0.312,0.325469309167168,0.0030569937885008584
24,0.24,0.6,4000,467,464.36186171131567,134.1835250496726,25.07887840270996,0.11675,0.11609046542782891,0.002240195503469618
24,0.244,0.6,4000,561,535.2109728237037,159.07462891547976,24.49941635131836,0.14025,0.13380274320592594,0.0023383194219972533
24,0.248,0.6,4000,630,591.8535554305033,178.05662767269177,28.307169198989868,0.1575,0.14796338885762583,0.0023783738740063825
24,0.252,0.6,4000,680,672.3413602411466,210.61772991886187,25.323981761932373,0.17,0.16808534006028666,0.0024702152183442537
24,0.256,0.6,4000,763,756.1750886286276,240.51660146364964,28.331636428833008,0.19075,0.1890437721571569,0.002469701500182024
24,0.26,0.6,4000,832,819.1253723828356,267.0408898732061,24.76170516014099,0.208,0.20478134309570892,0.002491537263726734
24,0.264,0.6,4000,932,916.1224119617048,309.377029561772,25.199122667312622,0.233,0.22903060299042619,0.0024947677321908337
24,0.268,0.6,4000,1025,970.3868381846705,330.8342313171489,27.99820351600647,0.25625,0.24259670954616763,0.0024424045368540634
48,0.24,0.6,2000,157,150.9122637871838,41.31929234282672,76.66679501533508,0.0785,0.0754561318935919,0.0027361930746579296
48,0.244,0.6,2000,189,187.74565536190485,52.00017404771613,75.38738632202148,0.0945,0.09387282768095243,0.0029322838825570916
48,0.248,0.6,2000,241,228.88804718974382,64.13966258547127,73.60394430160522,0.1205,0.11444402359487191,0.0030807375496788134
48,0.252,0.6,2000,309,294.89324672776166,88.68879046891428,75.3828911781311,0.1545,0.14744662336388084,0.003362677213998732
48,0.256,0.6,2000,383,351.1981897857927,109.38094240022264,72.27368378639221,0.1915,0.17559909489289635,0.0034545160843658007
48,0.26,0.6,2000,399,407.708909423091,133.20439471407573,72.46161603927612,0.1995,0.20385445471154548,0.0035396389431087377
48,0.264,0.6,2000,474,459.3954157749028,153.84921695731424,72.49380588531494,0.237,0.2296977078874514,0.0034767556212335336
48,0.268,0.6,2000,527,522.9146232046479,184.5002010338282,70.93972373008728,0.2635,0.26145731160232394,0.0034570309363306344
24,0.25,0.45,4000,1422,1441.182407248048,575.9390240806388,23.2260525226593,0.3555,0.36029560181201203,0.0018825102376796474
24,0.25,0.48,4000,1303,1311.1287726370497,502.5883067810838,23.01346230506897,0.32575,0.32778219315926244,0.0021336859632315047
24,0.25,0.51,4000,1142,1120.5062061258673,401.70843770805794,23.869176626205444,0.2855,0.2801265515314668,0.0023431663930912295
24,0.25,0.54,4000,943,981.971037198253,338.3400434714948,23.151456832885742,0.23575,0.24549275929956327,0.0024659884984846877
24,0.25,0.57,4000,792,807.0779984973615,263.70376160553826,23.99808692932129,0.198,0.20176949962434038,0.0025110413552655664
24,0.25,0.6,4000,678,648.5638072651923,199.72215769792973,24.180365085601807,0.1695,0.16214095181629806,0.0024313968649370145
24,0.25,0.63,4000,463,470.2780260970302,135.2290463353229,25.0343337059021,0.11575,0.11756950652425754,0.00223549044602116
24,0.25,0.66,4000,372,368.86150367129324,105.41113089524788,23.26066017150879,0.093,0.0922153759178233,0.0021126742863481524
48,0.25,0.45,2000,849,835.956057759064,364.1964476563213,69.49841141700745,0.4245,0.417978028879532,0.0019230560765114415
48,0.25,0.48,2000,748,751.8702211512026,308.30705945866356,70.04251527786255,0.374,0.3759351105756013,0.0025330553423888904
48,0.25,0.51,2000,645,658.2182889594628,253.49684480248044,70.10540199279785,0.3225,0.3291091444797314,0.003036841766455241
48,0.25,0.54,2000,511,525.023253828876,184.68992523510482,70.11993145942688,0.2555,0.262511626914438,0.0034237647785402905
48,0.25,0.57,2000,396,397.13201202860944,128.75380506218696,69.98693037033081,0.198,0.1985660060143047,0.0035327697525273957
48,0.25,0.6,2000,273,271.1616771341075,81.27488720841978,68.25684309005737,0.1365,0.13558083856705375,0.0033366459974184023
48,0.25,0.63,2000,152,157.57690186103827,43.04339427955313,69.58531594276428,0.076,0.07878845093051913,0.002767827488189078
48,0.25,0.66,2000,88,86.992213531185,22.360055390712688,69.52708601951599,0.044,0.0434961067655925,0.002155546656068828
24,0.3,0.6,4000,1495,1494.875099609058,611.5304406288504,23.158207893371582,0.37375,0.3737187749022645,0.0018179791315417967
24,0.3,0.6257,4000,1322,1347.508709456603,524.3049831345181,23.908430814743042,0.3305,0.33687717736415074,0.0020972846586557754
24,0.3,0.6514,4000,1208,1217.136998066687,450.6722366896465,23.156601190567017,0.302,0.30428424951667177,0.0022407686020881074
24,0.3,0.6771,4000,981,1016.3831478862667,352.27442939082925,23.94068741798401,0.24525,0.25409578697156665,0.0024243460894109556
24,0.3,0.7029,4000,819,820.7746861237097,264.67453562535974,23.145251035690308,0.20475,0.2051936715309274,0.0024530699450970284
24,0.3,0.7286,4000,623,647.1709728993152,200.11817750844776,23.90441393852234,0.15575,0.16179274322482878,0.0024422641785448993
24,0.3,0.7543,4000,502,484.2824753896669,142.23528105945357,23.03802251815796,0.1255,0.12107061884741672,0.002286151351330885
24,0.3,0.78,4000,319,319.77064276002295,89.0631348613937,23.982279539108276,0.07975,0.07994266069000573,0.001992418407881682
48,0.3,0.6,2000,857,881.3141148711187,397.7871978523425,70.13788342475891,0.4285,0.44065705743555933,0.0015357921923332377
48,0.3,0.6257,2000,812,800.6728229470838,340.0619151302477,70.69095301628113,0.406,0.4003364114735419,0.0022098188288711884
48,0.3,0.6514,2000,691,697.1486181056808,275.477437638057,69.17812466621399,0.3455,0.3485743090528404,0.002849806246309114
48,0.3,0.6771,2000,579,554.5530448552854,198.76424680918194,70.33158826828003,0.2895,0.2772765224276427,0.0033549298852255235
48,0.3,0.7029,2000,390,409.5673786077116,132.77707632900646,70.59476780891418,0.195,0.2047836893038558,0.0034974570022437467
48,0.3,0.7286,2000,263,264.9589319511255,78.32054771636861,70.66725826263428,0.1315,0.13247946597556276,0.0032878773616544224
48,0.3,0.7543,2000,133,148.8915348369189,40.20468015932785,70.59629726409912,0.0665,0.07444576741845946,0.002698837853493612
48,0.3,0.78,2000,66,68.08364036084238,16.375908975192374,70.39216113090515,0.033,0.03404182018042119,0.0018751833615728854
24,0.35,0.7,4000,1535,1488.8371593773425,604.9334367702925,23.383684873580933,0.38375,0.3722092898443356,0.0017816269208671069
24,0.35,0.72,4000,1376,1359.5233696853622,529.5736711338635,23.528567790985107,0.344,0.33988084242134053,0.002054181734963221
24,0.35,0.74,4000,1151,1189.995641697375,438.21292021549993,24.401087284088135,0.28775,0.2974989104243438,0.0022941715047646574
24,0.35,0.76,4000,1052,1023.9483570597467,354.87390316016456,23.50133752822876,0.263,0.2559870892649367,0.0024080533964629344
24,0.35,0.78,4000,837,828.9415543643062,267.64795205094595,24.40632653236389,0.20925,0.20723538859107654,0.002448033629103735
24,0.35,0.8,4000,656,660.1214159806243,202.27925016674465,23.49833607673645,0.164,0.1650303539951561,0.0024156070644565457
24,0.35,0.82,4000,483,493.1383470623458,144.5436299740013,24.32095956802368,0.12075,0.12328458676558646,0.002288124432420424
24,0.35,0.84,4000,348,343.14867719986137,94.65802972905766,23.531811714172363,0.087,0.08578716929996534,0.0020192292033310065
48,0.35,0.7,2000,857,879.0028623901144,395.7954459801251,70.93080353736877,0.4285,0.4395014311950572,0.0015392505091259203
48,0.35,0.72,2000,769,798.0649552412254,338.4026666299914,71.09791159629822,0.3845,0.3990324776206127,0.002233764179738049
48,0.35,0.74,2000,718,699.5893142011596,276.1961681485315,70.5383505821228,0.359,0.3497946571005798,0.002806212462246653
48,0.35,0.76,2000,567,559.8005112412212,200.47551765910669,70.26674818992615,0.2835,0.2799002556206106,0.003309422760246583
48,0.35,0.78,2000,424,422.2403673002812,139.96628608253295,70.40146040916443,0.212,0.2111201836501406,0.003565397814997407
48,0.35,0.8,2000,292,270.44726763756165,80.42633342290988,69.4522066116333,0.146,0.13522363381878083,0.003312001277231003
48,0.35,0.82,2000,164,168.27294847051056,46.68993687224851,68.32551336288452,0.082,0.08413647423525528,0.0028525566794538873
48,0.35,0.84,2000,82,78.9800307422396,20.18708826315555,71.16987705230713,0.041,0.039490015371119805,0.0020661984408041835
24,0.4,0.74,4000,1657,1641.7386031625165,707.7403832330494,24.16983151435852,0.41425,0.41043465079062913,0.0014560746368219475
24,0.4,0.76,4000,1474,1493.4188250017273,608.9613964589323,23.715185165405273,0.3685,0.3733547062504318,0.0017923326206099237
24,0.4,0.78,4000,1355,1339.0583885468368,518.6383097944046,24.222391605377197,0.33875,0.3347645971367092,0.0020974175259575846
24,0.4,0.8,12000,3327,3388.831161356044,1221.0634682032387,66.68059062957764,0.27725,0.28240259677967033,0.0013541878308207663
24,0.4,0.82,8000,1750,1819.77090664749,608.0849238724231,44.397985219955444,0.21875,0.22747136333093623,0.0017417817081919694
24,0.4,0.84,8000,1421,1398.960024223853,436.816264182273,44.7629075050354,0.177625,0.1748700030279816,0.001732971373593615
24,0.4,0.86,8000,957,956.3260181621796,275.2723838450885,44.07162642478943,0.119625,0.11954075227027244,0.0015859370937934016
24,0.4,0.88,4000,327,317.67198731816836,86.87941147895228,24.343568325042725,0.08175,0.07941799682954209,0.0019631918380225728
48,0.4,0.74,2000,941,936.8479142144986,442.42048674167756,70.76123428344727,0.4705,0.46842395710724927,0.0009460800299783823
48,0.4,0.76,2000,838,873.7869394803729,391.82712349092463,79.83904266357422,0.419,0.43689346974018645,0.001587478808175012
48,0.4,0.78,2000,796,772.921796961818,322.1563277085161,81.46966433525085,0.398,0.38646089848090903,0.002421983051291576
48,0.4,0.8,7000,2270,2230.8310669869197,846.4382967507972,236.15655136108398,0.3242857142857143,0.31869015242670284,0.001663005412409882
48,0.4,0.82,5000,1259,1196.7529527934025,406.10528927287845,163.2088658809662,0.2518,0.2393505905586805,0.002188019199266905
48,0.4,0.84,5000,740,760.3010706855287,231.73011926382924,160.10504937171936,0.148,0.15206021413710574,0.00215538213788199
48,0.4,0.86,5000,393,415.97064163878684,114.55505863746572,159.3658323287964,0.0786,0.08319412832775737,0.001788460082235191
48,0.4,0.88,2000,69,72.75737803675177,19.69966620496599,70.56029105186462,0.0345,0.03637868901837589,0.002065271099941064
24,0.45,0.76,4000,1689,1732.7668506086732,773.9910940952607,24.13687038421631,0.42225,0.43319171265216827,0.001208736391542908
24,0.45,0.78,4000,1574,1604.956320056007,684.2494962944272,23.792702674865723,0.3935,0.4012390800140017,0.0015868280283568787
24,0.45,0.8,4000,1380,1439.1293854164514,577.529823576656,24.15967059135437,0.345,0.3597823463541129,0.001932799450266898
24,0.45,0.82,4000,1265,1240.4373385843019,463.0430567134509,23.95086646080017,0.31625,0.3101093346460755,0.002213473752373378
24,0.45,0.84,4000,1040,1010.114076787401,353.0665348072573,24.294807195663452,0.26,0.25252851919685027,0.0024749801120723934
24,0.45,0.86,4000,755,764.2191899377073,242.40693892621744,24.044931173324585,0.18875,0.1910547974844268,0.0024548841900446927
24,0.45,0.88,4000,538,513.7202816056092,148.01965730742066,24.2501277923584,0.1345,0.1284300704014023,0.002264716333429913
24,0.45,0.9,4000,328,323.4119808994997,89.87760049888996,24.00386619567871,0.082,0.08085299522487494,0.001996007097446167
48,0.45,0.76,2000,936,967.0490487300103,469.048613609874,70.73517918586731,0.468,0.48352452436500515,0.0006036163911294055
48,0.45,0.78,2000,958,927.0375876979626,434.6171175663563,73.98449444770813,0.479,0.4635187938489813,0.001109079931803575
48,0.45,0.8,2000,817,848.8725643305045,373.68454297114863,70.88941597938538,0.4085,0.42443628216525225,0.0018302272535278543
48,0.45,0.82,2000,715,721.8873824759684,291.2093507242587,74.01021599769592,0.3575,0.3609436912379842,0.0027687536107592857
48,0.45,0.84,2000,546,557.3961799106518,199.9074940995252,71.46581101417542,0.273,0.27869808995532586,0.0033385826213331274
48,0.45,0.86,2000,366,348.67579376324034,107.90788992273218,73.70346808433533,0.183,0.17433789688162016,0.00343307651288192
48,0.45,0.88,2000,178,182.9641871385187,50.39565456819048,71.50195026397705,0.089,0.09148209356925935,0.0029014886245269664
48,0.45,0.9,2000,70,72.66761059324469,18.678383601986326,72.28343367576599,0.035,0.03633380529662234,0.0020028801664879517
24,0.5,0.76,4000,1833,1836.9263418819135,854.9255200222553,26.388251066207886,0.45825,0.4592315854704784,0.0008423836005593037
24,0.5,0.78,4000,1751,1729.8773779684152,772.7945586143414,23.972110509872437,0.43775,0.4324693444921038,0.001242019357763848
24,0.5,0.8,4000,1591,1593.7594287621614,677.5581704148412,25.169984340667725,0.39775,0.39843985719054037,0.0016307883274862163
24,0.5,0.82,4000,1397,1415.6483020277014,562.8742528386886,24.939316272735596,0.34925,0.3539120755069254,0.0019665117078439664
24,0.5,0.84,8000,2362,2371.129798597574,872.5355066648295,44.254889249801636,0.29525,0.2963912248246967,0.0016287200844963133
24,0.5,0.86,8000,1824,1865.108665969212,634.0165172431406,43.883840799331665,0.228,0.2331385832461515,0.001764283790758455
24,0.5,0.88,8000,1273,1308.5655301138218,403.2555399662453,44.89893627166748,0.159125,0.1635706912642277,0.001719539483086869
24,0.5,0.9,8000,826,822.9063528365876,234.05433989608406,44.07378268241882,0.10325,0.10286329410457346,0.001527999918059394
48,0.5,0.76,2000,1002,987.0408307330166,487.4130541198506,74.334627866745,0.501,0.4935204153665083,0.0002685132918332892
48,0.5,0.78,2000,987,965.9013484266372,467.83215123424543,73.93503403663635,0.4935,0.4829506742133186,0.00058097307327258
48,0.5,0.8,2000,951,917.8426918748476,427.0156550471328,75.19037079811096,0.4755,0.4589213459374238,0.0012042582788903864
48,0.5,0.82,2000,824,829.5537694160485,360.6407647397446,75.23905897140503,0.412,0.4147768847080242,0.002035271555847615
48,0.5,0.84,5000,1731,1698.7448492978478,663.7146047777835,158.59595251083374,0.3462,0.3397489698595696,0.0018610223985372034
48,0.5,0.86,5000,1179,1184.973252395293,401.73600186114743,156.41023421287537,0.2358,0.2369946504790586,0.002199344135471508
48,0.5,0.88,5000,721,698.6697097647943,210.4424255543972,158.13583064079285,0.1442,0.13973394195295888,0.002124496366764554
48,0.5,0.9,5000,287,277.6444972874847,71.62105021658225,161.57559823989868,0.0574,0.055528899457496936,0.0014995332586074453
16,0.15,0.0,4000,475,459.95916812646493,134.69271629249076,11.37693476676941,0.11875,0.11498979203161623,0.002261395626146954
16,0.154,0.0,4000,539,546.788902066454,163.52506466195751,11.231874704360962,0.13475,0.1366972255166135,0.002355880136635122
16,0.158,0.0,4000,662,619.2492239863218,187.54193110922284,13.296589612960815,0.1655,0.15481230599658044,0.0023939697042920116
16,0.162,0.0,4000,773,746.5319685031117,237.49836799178757,11.20827579498291,0.19325,0.1866329921257779,0.0024773400786928562
16,0.166,0.0,4000,805,832.2352848827859,268.16015118386804,12.561974287033081,0.20125,0.20805882122069647,0.0024370835071988372
16,0.17,0.0,4000,944,966.5276298416886,331.0508270736935,11.25511646270752,0.236,0.24163190746042215,0.002468948347546188
16,0.174,0.0,4000,1042,1045.4546587779816,367.27165753318934,13.274595022201538,0.2605,0.2613636646944954,0.002424501359434689
16,0.178,0.0,4000,1137,1153.3947816154782,419.9403886078771,11.247206926345825,0.28425,0.28834869540386954,0.002336963222215838
32,0.15,0.0,3000,193,207.05594338210778,55.48722851171088,37.43521785736084,0.06433333333333334,0.06901864779403592,0.0021398401817209842
32,0.154,0.0,3000,305,299.9695420490819,83.42206309737071,37.57699465751648,0.10166666666666667,0.09998984734969396,0.0024368916836722612
32,0.158,0.0,3000,374,400.2210241002648,117.76939636158147,34.02883768081665,0.12466666666666666,0.1334070080334216,0.0026749573864799266
32,0.162,0.0,3000,545,524.5530385797031,164.1144253068532,32.202494859695435,0.18166666666666667,0.174851012859901,0.0028366634389102347
32,0.166,0.0,3000,629,639.5058870236033,212.01275209280612,31.15095043182373,0.20966666666666667,0.2131686290078678,0.0029004864990265443
32,0.17,0.0,3000,775,766.2701742883401,265.74751704020326,31.7561092376709,0.25833333333333336,0.2554233914294467,0.00278981360492642
32,0.174,0.0,3000,919,886.8853523654666,324.5879621539217,32.52510166168213,0.30633333333333335,0.2956284507884889,0.002633549066040085
32,0.178,0.0,3000,1023,1002.2362659092498,387.0119439609765,31.815393924713135,0.341,0.3340787553030833,0.0024083996736738045
16,0.17,0.2,4000,511,493.3136444226272,143.55026582394865,11.041241645812988,0.12775,0.1233284111056568,0.002273919533546994
16,0.174,0.2,4000,550,567.3822814239688,170.0136346883226,10.953797101974487,0.1375,0.1418455703559922,0.002365842347477798
16,0.178,0.2,4000,728,669.1602101899066,206.1351777839576,11.008965730667114,0.182,0.16729005254747664,0.002426608806284536
16,0.182,0.2,4000,719,752.9335217745424,239.81058996772242,11.987107753753662,0.17975,0.1882333804436356,0.0024762357380771864
16,0.186,0.2,4000,877,857.3818519665203,283.82757014655886,11.120849847793579,0.21925,0.2143454629916301,0.002500958307529308
16,0.19,0.2,4000,946,936.2014696721791,315.6482847296479,11.028969287872314,0.2365,0.23405036741804477,0.0024565489678979482
16,0.194,0.2,4000,1003,1030.1948027663123,356.9241203396417,11.014957666397095,0.25075,0.25754870069157804,0.0023929805271247807
16,0.198,0.2,4000,1173,1133.4163209404728,410.5978820735761,11.600563526153564,0.29325,0.2833540802351182,0.0023646102804840163
32,0.17,0.2,3000,227,257.4429875398245,70.99934537644799,32.591961145401,0.07566666666666666,0.0858143291799415,0.0023315077592725403
32,0.174,0.2,3000,354,337.57079912515536,96.41181575650123,32.66306972503662,0.118,0.11252359970838512,0.002548346228177503
32,0.178,0.2,3000,419,431.3204040818481,128.68369537216773,32.17181444168091,0.13966666666666666,0.1437734680272827,0.002722202870466724
32,0.182,0.2,3000,533,534.5258871378919,168.70784623413292,32.78687071800232,0.17766666666666667,0.17817529571263063,0.0028576026453017126
32,0.186,0.2,3000,645,644.836961496785,211.68391037589146,32.98918271064758,0.215,0.21494565383226166,0.0028500170733155392
32,0.19,0.2,3000,765,754.9861824756968,261.5059342726629,32.708881855010986,0.255,0.25166206082523224,0.002819148778064298
32,0.194,0.2,3000,891,860.7459806162275,312.0939124888957,32.977294921875,0.297,0.2869153268720758,0.0026906095188288922
32,0.198,0.2,3000,956,951.15830094178,358.84350084975677,33.95431709289551,0.31866666666666665,0.3170527669805933,0.002523120380907895
16,0.198,0.4,4000,554,544.2424558364326,161.084970700351,11.26412844657898,0.1385,0.13606061395910815,0.0023326054666628366
16,0.202,0.4,4000,645,602.1284731315022,181.73193486779886,11.236286878585815,0.16125,0.15053211828287555,0.0023863549490888356
16,0.206,0.4,4000,656,678.2042846495547,211.35413588165633,11.10249948501587,0.164,0.16955107116238866,0.0024544343791504317
16,0.21,0.4,4000,724,751.0531200402726,239.8679689879846,11.2400381565094,0.181,0.18776328001006815,0.002485866169842579
16,0.214,0.4,4000,858,847.7874418584514,279.98576368295113,11.227214574813843,0.2145,0.21194686046461286,0.002504058683908195
16,0.218,0.4,4000,928,925.3526954291574,312.74314280785,11.203812599182129,0.232,0.23133817385728936,0.0024836768947094534
16,0.222,0.4,4000,951,981.4641240542683,333.92988436399355,11.086118936538696,0.23775,0.24536603101356708,0.0024126646506696815
16,0.226,0.4,4000,1092,1069.5957952135714,376.550576777219,11.249879598617554,0.273,0.2673989488033928,0.0023791335949147393
32,0.198,0.4,3000,291,298.41011089292573,83.44845449768792,32.82867479324341,0.097,0.09947003696430858,0.0024445748909197353
32,0.202,0.4,3000,392,370.0822975153563,107.293829765222,32.025097131729126,0.13066666666666665,0.1233607658384521,0.0026174785938430953
32,0.206,0.4,3000,437,442.7120198769096,134.09725748904737,32.36323046684265,0.14566666666666667,0.1475706732923032,0.002764635323884679
32,0.21,0.4,3000,557,534.536942871505,168.00331734391722,32.34609270095825,0.18566666666666667,0.1781789809571683,0.002843791112480088
32,0.214,0.4,3000,658,619.9963154763617,202.65457996974223,32.25827622413635,0.21933333333333332,0.20666543849212057,0.0028780320972377985
32,0.218,0.4,3000,726,700.7661657597056,235.19762200411856,31.928071975708008,0.242,0.23358872191990185,0.002819188071526717
32,0.222,0.4,3000,814,799.8697824413466,283.20114884574986,32.41342639923096,0.2713333333333333,0.2666232608137822,0.0027880813677343464
32,0.226,0.4,3000,906,909.3461675561102,337.77216624079944,32.03610277175903,0.302,0.30311538918537007,0.002627970646017217
16,0.244,0.6,4000,612,606.8487803254136,180.78110595472984,10.958324670791626,0.153,0.1517121950813534,0.0023550070281414463
16,0.248,0.6,4000,641,658.9165691676756,201.5405549807394,10.977375030517578,0.16025,0.1647291422919189,0.0024111855092730687
16,0.252,0.6,4000,769,729.9119394362529,230.63676422811733,10.96919059753418,0.19225,0.18247798485906322,0.002468150515354122
16,0.256,0.6,4000,783,789.9013016906364,255.85983164050535,10.930315494537354,0.19575,0.1974753254226591,0.0024987345514129572
16,0.26,0.6,4000,853,841.8931494465807,274.131752195613,10.89169430732727,0.21325,0.21047328736164517,0.002461706387570631
16,0.264,0.6,4000,860,889.1424400407558,295.2896692702516,10.881210327148438,0.215,0.22228561001018896,0.0024707098831756786
16,0.268,0.6,4000,972,971.2488321590382,330.3711270931814,10.811049461364746,0.243,0.24281220803975956,0.0024310966471460804
32,0.244,0.6,3000,327,334.6570167394521,94.7642674637058,32.070247650146484,0.109,0.1115523389131507,0.002526562114395242
32,0.248,0.6,3000,411,410.6386427487133,122.84775223843982,32.12553548812866,0.137,0.13687954758290444,0.002721558810804737
32,0.252,0.6,3000,464,477.0265988299514,148.1827111935009,31.48552656173706,0.15466666666666667,0.15900886627665048,0.002835398678350764
32,0.256,0.6,3000,547,536.3276150384041,169.52446381266674,31.473371505737305,0.18233333333333332,0.17877587167946804,0.002860974629113714
32,0.26,0.6,3000,629,609.0486776252296,198.04649006331314,31.7187602519989,0.20966666666666667,0.20301622587507653,0.0028756551782109833
32,0.264,0.6,3000,711,679.9091885093388,228.97384420270407,31.373409748077393,0.237,0.22663639616977962,0.002884954166357551
32,0.268,0.6,3000,735,738.7693786225731,253.35823740349906,31.150099754333496,0.245,0.2462564595408577,0.0028177083724213597
16,0.25,0.45,4000,1329,1310.4982252013301,501.14001081000936,10.734363555908203,0.33225,0.32762455630033255,0.002118468829230973
16,0.25,0.48,4000,1220,1201.9926875885244,443.4977486851453,10.744431972503662,0.305,0.3004981718971311,0.002268282994111953
16,0.25,0.51,4000,1032,1073.9273608636943,379.483441047444,10.823461055755615,0.258,0.2684818402159236,0.002387156271130729
16,0.25,0.54,4000,928,948.2905106743023,320.37872748931284,10.833270788192749,0.232,0.23707262766857556,0.0024442394210158914
16,0.25,0.57,4000,885,813.4425127885696,263.24706351267383,10.892555713653564,0.22125,0.2033606281971424,0.0024729707014804307
16,0.25,0.6,4000,662,679.9972811505274,208.71941427361259,10.908438682556152,0.1655,0.16999932028763187,0.0024127736190266056
16,0.25,0.63,4000,597,565.4125297823091,169.3541393953405,10.921574831008911,0.14925,0.14135313244557726,0.002364498765651559
16,0.25,0.66,4000,461,450.49245765986416,129.1796128170418,10.930163145065308,0.11525,0.11262311441496604,0.0022144887256458274
32,0.25,0.45,3000,1160,1140.399774688484,471.335293631667,31.395764589309692,0.38666666666666666,0.3801332582294947,0.002050583284785507
32,0.25,0.48,3000,1023,1021.1386564484161,398.7102679523816,31.531091690063477,0.341,0.340379552149472,0.0023840348677238526
32,0.25,0.51,3000,886,889.8100476331422,327.3852204097103,31.5856614112854,0.29533333333333334,0.2966033492110474,0.002655931350227471
32,0.25,0.54,3000,739,742.1320796771216,255.01081199589575,31.565419912338257,0.24633333333333332,0.2473773598923739,0.0028175630411641055
32,0.25,0.57,3000,621,604.4306128029951,193.9688917596507,31.704737186431885,0.207,0.20147687093433173,0.002832630787148455
32,0.25,0.6,3000,439,441.02915610955324,133.31290647776353,31.68371820449829,0.14633333333333334,0.1470097187031844,0.002758827602995004
32,0.25,0.63,3000,302,308.91901202797493,87.8926155829828,31.70365834236145,0.10066666666666667,0.10297300400932498,0.002496686632125032
32,0.25,0.66,3000,191,203.9888430740731,53.50832797969909,31.710222482681274,0.06366666666666666,0.06799628102469103,0.0020989696493729643
16,0.3,0.6,4000,1353,1376.5208870009972,537.3084138984185,10.97119951248169,0.33825,0.34413022175024927,0.001994083142719291
16,0.3,0.6257,4000,1263,1273.270937915809,481.8025623614563,11.002063989639282,0.31575,0.3183177344789523,0.0021868494928352763
16,0.3,0.6514,4000,1195,1113.5639895431957,397.74476390939424,11.010699033737183,0.29875,0.2783909973857989,0.0023420145486330065
16,0.3,0.6771,4000,950,987.7191715186784,338.17494388618957,10.980431079864502,0.2375,0.2469297928796696,0.002427720493938066
16,0.3,0.7029,4000,823,826.6003021256358,268.1781435706653,10.956100225448608,0.20575,0.20665007553140896,0.0024671019824746418
16,0.3,0.7286,4000,703,672.0178824080082,206.8191393678374,10.99267029762268,0.17575,0.16800447060200205,0.0024230741831502717
16,0.3,0.7543,4000,590,569.3967779920574,170.41552896974736,11.013373851776123,0.1475,0.14234919449801436,0.0023635870838677776
16,0.3,0.78,4000,451,445.31398623360747,128.1223972041821,11.028376579284668,0.11275,0.11132849655840187,0.0022159352158836023
32,0.3,0.6,3000,1195,1205.2732888963621,512.5178367424147,31.647047996520996,0.3983333333333333,0.40175776296545407,0.001773238392088277
32,0.3,0.6257,3000,1139,1084.9904025362516,435.59210645837857,31.754448890686035,0.37966666666666665,0.3616634675120839,0.002191019979761867
32,0.3,0.6514,3000,944,946.1968246949561,357.9144585285002,31.803966283798218,0.31466666666666665,0.3153989415649854,0.002571312169266813
32,0.3,0.6771,3000,775,770.1795060561778,267.8599465855377,32.02492141723633,0.25833333333333336,0.25672650201872593,0.0027920092728388655
32,0.3,0.7029,3000,609,632.9468512523613,209.10611529488068,32.066872358322144,0.203,0.2109822837507871,0.0028980978443365574
32,0.3,0.7286,3000,454,446.107244640558,134.0648169823728,32.04562211036682,0.15133333333333332,0.148702414880186,0.00274368316523427
32,0.3,0.7543,3000,305,288.8348184348706,81.81934041285422,31.80747365951538,0.10166666666666667,0.09627827281162354,0.002450143591641223
32,0.3,0.78,3000,171,182.25556986174576,48.20681032855268,31.665603399276733,0.057,0.06075185662058192,0.0020316065989514627
16,0.35,0.7,4000,1369,1361.096326746461,529.3609649217701,10.918160915374756,0.34225,0.34027408168661527,0.002034571825058317
16,0.35,0.72,4000,1263,1263.1085583161666,475.9969106063417,10.960325479507446,0.31575,0.31577713957904163,0.00219595355044566
16,0.35,0.74,4000,1154,1153.9393422738567,419.0931102975304,11.178061962127686,0.2885,0.28848483556846416,0.0023213770704541966
16,0.35,0.76,4000,979,1002.3983408733015,347.03420738353987,11.266486406326294,0.24475,0.25059958521832537,0.0024476718954956076
16,0.35,0.78,4000,840,857.3867093561952,282.69196954366265,11.379375219345093,0.21,0.2143466773390488,0.0024866985125421644
16,0.35,0.8,4000,720,733.755617080154,233.13613008679744,11.44386339187622,0.18,0.1834389042700385,0.002481952911124627
16,0.35,0.82,4000,597,588.8309324081824,176.79680075408666,11.471956729888916,0.14925,0.1472077331020456,0.0023735372960401457
16,0.35,0.84,4000,402,464.67317554611964,136.54490636876614,11.470656156539917,0.1005,0.11616829388652991,0.002271910851387054
32,0.35,0.7,3000,1206,1199.300207095863,508.95108700098325,33.40689826011658,0.402,0.399766735698621,0.0018110953802424206
32,0.35,0.72,3000,1107,1084.1615244375646,434.9780856159306,33.29125905036926,0.369,0.3613871748125215,0.0021906470901697723
32,0.35,0.74,3000,988,963.2470642368478,364.5720213984229,33.21676278114319,0.3293333333333333,0.3210823547456159,0.0024789967075744077
32,0.35,0.76,3000,767,787.342892974763,276.43181417008043,33.17780113220215,0.25566666666666665,0.2624476309915877,0.0027852550265735666
32,0.35,0.78,3000,609,620.3202563831829,200.81209141310762,33.02762818336487,0.203,0.20677341879439431,0.0028396115038234766
32,0.35,0.8,3000,486,467.1565949963553,143.28007087480592,33.38207650184631,0.162,0.1557188649987851,0.002799970151107123
32,0.35,0.82,3000,319,312.8664927154677,90.83486852406307,33.100295305252075,0.10633333333333334,0.1042888309051559,0.002543527654615837
32,0.35,0.84,3000,188,203.37620725657487,55.68505129446319,33.62138819694519,0.06266666666666666,0.06779206908552496,0.002157975593976036
16,0.4,0.74,4000,1499,1487.405861144995,607.0749295090455,11.301584482192993,0.37475,0.37185146528624874,0.0018370216921983213
16,0.4,0.76,4000,1358,1378.8815987733922,541.570788255069,11.278003454208374,0.3395,0.34472039969334806,0.002034986748734075
16,0.4,0.78,4000,1241,1222.845962223609,454.3499500392586,11.323672771453857,0.31025,0.30571149055590224,0.0022434908793679633
16,0.4,0.82,8000,1819,1828.5616091441982,612.514471755295,20.655919790267944,0.227375,0.2285702011430248,0.0017436675606107871
16,0.4,0.84,8000,1521,1510.8943271173111,480.2955982976065,20.23695158958435,0.190125,0.1888617908896639,0.0017453946592270377
16,0.4,0.86,8000,1172,1151.132965192005,344.7377780467279,20.429132223129272,0.1465,0.14389162064900063,0.0016729548163602129
16,0.4,0.88,4000,422,432.7838620485884,121.970612276956,11.396671772003174,0.1055,0.1081959655121471,0.0021674284222379064
32,0.4,0.74,3000,1301,1308.674710382838,587.6780344573153,33.07308030128479,0.43366666666666664,0.436224903460946,0.0013665503055338936
32,0.4,0.76,3000,1213,1200.2539758812663,509.0369984249404,32.91137742996216,0.4043333333333333,0.4000846586270888,0.0017902020583941381
32,0.4,0.78,3000,1068,1066.9958586251823,424.8286918173288,32.922998905181885,0.356,0.3556652862083941,0.002244757378210968
32,0.4,0.82,7000,1608,1622.5037091056845,547.0612470542318,66.72039556503296,0.2297142857142857,0.23178624415795493,0.0018681631075386166
32,0.4,0.84,7000,1128,1144.3080971974948,352.31801222370785,66.79882216453552,0.16114285714285714,0.16347258531392783,0.001836581898420348
32,0.4,0.86,7000,717,729.0411302754519,202.55500579004368,67.10558032989502,0.10242857142857142,0.10414873289649312,0.0016076626962313709
32,0.4,0.88,3000,173,166.41763140258422,42.533958246615235,33.508036375045776,0.057666666666666665,0.055472543800861404,0.0019239269269982699
16,0.45,0.76,4000,1535,1596.0554649681192,675.4146223651574,11.413698434829712,0.38375,0.3990138662420298,0.0015527396061607891
16,0.45,0.78,4000,1474,1471.990067589604,598.0309231148372,11.433583974838257,0.3685,0.367997516897401,0.0018767712038370514
16,0.45,0.8,4000,1354,1339.2206515363505,518.139134868568,11.802256107330322,0.3385,0.3348051628840876,0.0020883395189269308
16,0.45,0.82,4000,1139,1170.7258087151645,429.8512899409543,11.44066858291626,0.28475,0.2926814521787911,0.00233483626278839
16,0.45,0.84,4000,952,980.3890090850493,334.4432801397331,11.724935293197632,0.238,0.24509725227126233,0.0024261102084795192
16,0.45,0.86,4000,830,800.4169639496715,259.58192687059363,11.412956714630127,0.2075,0.2001042409874179,0.002492989643673899
16,0.45,0.88,4000,630,618.5941185638598,189.14125268900364,11.412321090698242,0.1575,0.15464852964096493,0.0024173843922429034
16,0.45,0.9,4000,475,450.6508501067942,130.5290787319363,11.929165363311768,0.11875,0.11266271252669856,0.0022329559434388696
32,0.45,0.76,3000,1358,1374.8115755596586,638.9367135693851,33.19865322113037,0.45266666666666666,0.45827052518655287,0.0009946556536877145
32,0.45,0.78,3000,1297,1287.5995682672,570.2344031235831,33.26614570617676,0.43233333333333335,0.4291998560890667,0.0013985199039906434
32,0.45,0.8,3000,1117,1156.7022178275265,481.5891653265619,33.253700256347656,0.37233333333333335,0.3855674059425088,0.0019892590246749745
32,0.45,0.82,3000,1016,977.1510987355157,374.9481325439776,33.41486144065857,0.33866666666666667,0.32571703291183857,0.0025098090538649654
32,0.45,0.84,3000,796,782.8462952245438,272.8451929644398,33.76904892921448,0.2653333333333333,0.26094876507484793,0.002760541024719263
32,0.45,0.86,3000,541,554.6978789343443,175.04192810813151,33.78895974159241,0.18033333333333335,0.18489929297811478,0.0028382868481887126
32,0.45,0.88,3000,346,335.73134166118285,94.0400898013149,33.48159432411194,0.11533333333333333,0.11191044722039428,0.0025052627769658084
32,0.45,0.9,3000,177,183.56386553674855,49.26658629153827,33.65202617645264,0.059,0.06118795517891618,0.00205608503854789
16,0.5,0.76,4000,1699,1704.2408197517877,753.0140313942345,11.4260094165802,0.42475,0.42606020493794694,0.0012969089780792943
16,0.5,0.78,4000,1639,1601.2756675748633,680.8250486285448,11.82012677192688,0.40975,0.40031891689371585,0.0015774596122410437
16,0.5,0.82,4000,1338,1309.0807963519155,504.90103639792267,11.496046543121338,0.3345,0.3272701990879789,0.0021865644829637144
16,0.5,0.84,8000,2245,2234.317365149191,804.6693142926736,20.850684642791748,0.280625,0.2792896706436489,0.0016801698994907282
16,0.5,0.86,8000,1844,1875.1467097550653,633.884511049919,20.414472341537476,0.2305,0.23439333871938317,0.0017427838341541732
16,0.5,0.88,8000,1413,1447.2826056189826,455.53516082589164,19.983169555664062,0.176625,0.18091032570237284,0.0017398410920441627
32,0.5,0.76,3000,1448,1432.3243495283652,687.3232408277661,32.44654297828674,0.4826666666666667,0.4774414498427884,0.0006212339457939791
32,0.5,0.78,3000,1366,1375.7324480246411,639.4831639967042,32.5311074256897,0.4553333333333333,0.45857748267488035,0.0009778723985547602
32,0.5,0.82,3000,1139,1127.7978559910878,462.0542067098712,32.977911949157715,0.37966666666666665,0.3759326186636959,0.0020572609176953433
32,0.5,0.84,7000,2186,2188.935337954725,820.9466246465502,66.71442914009094,0.3122857142857143,0.31270504827924644,0.0016688930129102324
32,0.5,0.86,7000,1665,1628.7511556403706,552.0810091587057,66.06808137893677,0.23785714285714285,0.23267873652005294,0.0018796980924169421
32,0.5,0.88,7000,1081,1058.3810868509909,320.8352914599116,66.4940025806427,0.15442857142857142,0.15119729812157012,0.0018117186958825165
12,0.15,0.0,6000,740,773.9221367872381,229.19797416553706,10.053562641143799,0.12333333333333334,0.128987022797873,0.0018958553293124064
12,0.154,0.0,6000,948,902.5752477436342,274.677223056581,10.091287612915039,0.158,0.15042920795727238,0.001964452834946891
12,0.158,0.0,6000,1007,1007.600571952383,311.27257261242653,10.067674160003662,0.16783333333333333,0.1679334286587305,0.001986666910783342
12,0.162,0.0,6000,1159,1142.1763195933895,363.0458316748816,10.045925378799438,0.19316666666666665,0.19036271993223158,0.0020113726280135058
12,0.166,0.0,6000,1251,1269.597944890358,414.6460907159717,10.53041934967041,0.2085,0.21159965748172632,0.0020140060807631115
12,0.17,0.0,6000,1471,1429.4588118432964,487.5117082980054,10.057894229888916,0.24516666666666667,0.23824313530721608,0.002020570982382755
12,0.174,0.0,6000,1571,1544.3120205817495,537.4701315391171,10.169450283050537,0.2618333333333333,0.2573853367636249,0.0019720984106502823
12,0.178,0.0,6000,1682,1658.1720836878055,591.9861149211071,10.038589000701904,0.2803333333333333,0.2763620139479676,0.0019275245387249905
12,0.17,0.2,6000,803,830.0133036833665,245.1163159440788,10.579449653625488,0.13383333333333333,0.1383355506138944,0.0019026128830350855
12,0.174,0.2,6000,923,932.8523563319502,284.1253665328865,10.09680962562561,0.15383333333333332,0.1554753927219917,0.0019657693261785694
12,0.178,0.2,6000,1023,1034.5067277034586,321.12714944396004,10.261362552642822,0.1705,0.17241778795057644,0.001991534759212961
12,0.182,0.2,6000,1158,1182.6371408408195,382.5201820964346,10.07719612121582,0.193,0.19710619014013658,0.0020374274875418433
12,0.186,0.2,6000,1330,1295.6507900577085,424.83529288249997,10.081034898757935,0.22166666666666668,0.2159417983429514,0.002007446625170407
12,0.19,0.2,6000,1337,1412.6623484322968,477.67940102903964,10.71371579170227,0.22283333333333333,0.23544372473871614,0.0020076319621258176
12,0.194,0.2,6000,1474,1525.5773325674527,527.6979582299709,10.081033706665039,0.24566666666666667,0.2542628887612421,0.0019707835620903003
12,0.198,0.2,6000,1623,1646.921519656075,585.6920992074529,10.055126667022705,0.2705,0.27448691994267915,0.0019268278470862576
12,0.198,0.4,6000,930,916.0716436419137,277.05580234101194,10.105781316757202,0.155,0.1526786072736523,0.0019523072436387816
12,0.202,0.4,6000,1027,1006.5550687816201,311.14966725515967,10.529446363449097,0.17116666666666666,0.16775917813027003,0.0019882609323414336
12,0.206,0.4,6000,1052,1067.8774668328342,334.46176296471447,10.097202777862549,0.17533333333333334,0.17797957780547238,0.002002952356860384
12,0.21,0.4,6000,1143,1166.0246769028508,370.9403089316999,10.0739107131958,0.1905,0.19433744615047513,0.002002513083782138
12,0.214,0.4,6000,1333,1295.065745888845,424.2440512060941,10.085675239562988,0.22216666666666668,0.21584429098147415,0.002005102007066216
12,0.218,0.4,6000,1364,1362.4494053200276,453.70481929189344,10.620314359664917,0.22733333333333333,0.22707490088667126,0.0020024347269481033
12,0.222,0.4,6000,1516,1482.3512819871166,506.19985126314873,10.091928243637085,0.25266666666666665,0.24705854699785276,0.0019719958164256344
12,0.226,0.4,6000,1548,1578.7174401916045,555.3131406698079,10.064707279205322,0.258,0.2631195733652674,0.001971639232761176
12,0.24,0.6,6000,906,920.46303904602,277.81719544980837,10.111557483673096,0.151,0.15341050650767,0.0019481562956769288
12,0.244,0.6,6000,1000,994.89765427642,304.7661372121404,10.626466512680054,0.16666666666666666,0.16581627571273666,0.001970752934705868
12,0.248,0.6,6000,1038,1072.4343059994662,336.8152604329324,10.105446577072144,0.173,0.17873905099991103,0.0020079948717513472
12,0.252,0.6,6000,1158,1134.9041276600665,359.9822697290318,10.08974003791809,0.193,0.18915068794334441,0.002009274304677753
12,0.256,0.6,6000,1209,1237.9885736997508,401.7513118136052,10.100000381469727,0.2015,0.20633142894995846,0.0020161827955101756
12,0.26,0.6,6000,1259,1283.8371296387058,424.3430172828935,10.087659358978271,0.20983333333333334,0.2139728549397843,0.0020389380745543945
12,0.264,0.6,6000,1326,1346.6257878724016,446.3962129048225,10.374207496643066,0.221,0.22443763131206693,0.0020012963988281485
12,0.268,0.6,6000,1418,1425.509938855695,483.3582964517884,10.072236776351929,0.23633333333333334,0.2375849898092825,0.002004873570854129
12,0.25,0.45,6000,1867,1881.275473528811,704.2171680440688,10.07430386543274,0.31116666666666665,0.31354591225480183,0.0017823984711599
12,0.25,0.48,6000,1725,1732.4196566397977,626.5267587573537,10.062432527542114,0.2875,0.28873660943996626,0.0018733128467011302
12,0.25,0.51,6000,1626,1583.8399449967364,555.6892560598259,10.419668436050415,0.271,0.26397332416612274,0.001955197472371782
12,0.25,0.54,6000,1412,1429.9342090985901,483.9655295727987,10.102686882019043,0.23533333333333334,0.23832236818309835,0.0019944651877320915
12,0.25,0.57,6000,1304,1266.8628350964505,413.5500118473609,10.131977558135986,0.21733333333333332,0.21114380584940842,0.0020144210548845806
12,0.25,0.6,6000,1088,1109.8675572417146,350.9524944405963,10.142303705215454,0.18133333333333335,0.18497792620695244,0.0020116036625967802
12,0.25,0.63,6000,923,947.6585245025225,287.41273130761397,10.562243938446045,0.15383333333333332,0.15794308741708707,0.001956183771049593
12,0.25,0.66,6000,765,785.091086414968,228.99635475272498,10.149421215057373,0.1275,0.13084851440249468,0.0018729759494372175
12,0.3,0.6,6000,1881,1971.4995333081981,755.2462383803585,10.151662588119507,0.3135,0.32858325555136636,0.0017277346585297193
12,0.3,0.6257,6000,1854,1819.9137758376896,671.1014566621268,10.103600263595581,0.309,0.30331896263961494,0.001818935504015869
12,0.3,0.6514,6000,1639,1650.653954802407,586.434927213648,10.127484798431396,0.27316666666666667,0.2751089924670678,0.0019173711652306692
12,0.3,0.6771,6000,1518,1470.6037128691505,504.38317246610563,10.48940896987915,0.253,0.2451006188115251,0.0019997311344487384
12,0.3,0.7029,6000,1268,1285.4918201116807,422.20530793499853,10.141841888427734,0.21133333333333335,0.2142486366852801,0.002019453358084149
12,0.3,0.7286,6000,1170,1112.5639382083841,352.20993758010377,10.12316346168518,0.195,0.1854273230347307,0.002013389259922856
12,0.3,0.7543,6000,983,964.4060076485198,295.3419987665427,10.112337589263916,0.16383333333333333,0.16073433460808664,0.0019745057952274825
12,0.3,0.78,6000,803,758.0176280278406,221.29797232063694,10.764509916305542,0.13383333333333333,0.12633627133797343,0.001867513031463389
12,0.35,0.7,6000,1968,1957.5659985468965,743.7182824637016,10.09751582145691,0.328,0.3262609997578161,0.001708299612767079
12,0.35,0.72,6000,1827,1818.0742506485956,672.111048717773,10.101171970367432,0.3045,0.30301237510809925,0.0018350920146630095
12,0.35,0.74,6000,1653,1644.12066911133,582.7514377697912,10.122726202011108,0.2755,0.274020111518555,0.0019166764533206928
12,0.35,0.76,6000,1483,1476.744795652981,505.1663696334079,10.127476453781128,0.24716666666666667,0.24612413260883018,0.0019841557045887446
12,0.35,0.78,6000,1335,1303.1733557226098,428.6059090102657,10.518359184265137,0.2225,0.21719555928710163,0.002010988615480469
12,0.35,0.8,6000,1177,1135.9411461980394,360.21228492873763,10.155361652374268,0.19616666666666666,0.1893235243663399,0.002008150750167907
12,0.35,0.82,6000,911,950.7817787772341,287.82862308141614,10.175215005874634,0.15183333333333332,0.15846362979620568,0.0019521153469324343
12,0.35,0.84,6000,796,790.7283112294452,232.26983082127157,10.165544509887695,0.13266666666666665,0.13178805187157422,0.0018862266435513539
12,0.4,0.74,6000,2119,2125.699917605874,845.686260131411,10.504316568374634,0.3531666666666667,0.354283319600979,0.0016038293624445771
12,0.4,0.76,6000,1978,1968.3099531739786,753.6484759984835,10.13742184638977,0.32966666666666666,0.3280516588623298,0.0017317230011035603
12,0.4,0.78,6000,1775,1799.462484973178,662.400596231143,10.143473863601685,0.29583333333333334,0.2999104141621963,0.0018464945342902322
12,0.4,0.8,12000,3243,3207.3915709379307,1132.3803276365843,19.49637484550476,0.27025,0.26728263091149423,0.00138223650574701
12,0.4,0.82,6000,1377,1419.5004836807123,480.58966642908564,10.702482461929321,0.2295,0.23658341394678536,0.002005433774693546
12,0.4,0.84,6000,1237,1203.6887665820207,389.3246273372487,10.114742517471313,0.20616666666666666,0.20061479443033678,0.002026707086500565
12,0.4,0.86,6000,973,976.0068374896861,299.0587051319253,10.126587867736816,0.16216666666666665,0.162667806248281,0.0019742593561622316
12,0.4,0.88,6000,770,772.2436784367053,226.96045853333032,10.072598695755005,0.12833333333333333,0.12870727973945087,0.0018825834798452592
12,0.45,0.76,6000,2216,2274.1523907804003,933.928240014337,11.027603387832642,0.36933333333333335,0.37902539846340005,0.001414004561379759
12,0.45,0.78,6000,2105,2101.4579217619835,831.809717185781,10.004539251327515,0.35083333333333333,0.35024298696033057,0.0016313319810017611
12,0.45,0.8,6000,1928,1932.3994504160771,737.4527534186577,10.050415992736816,0.32133333333333336,0.32206657506934616,0.0017881606461221777
12,0.45,0.82,6000,1720,1718.4849131652775,621.9596842104867,10.03855848312378,0.2866666666666667,0.2864141521942129,0.0018987050794450852
12,0.45,0.84,6000,1488,1491.3905182899944,511.8288653402243,10.747260093688965,0.248,0.24856508638166572,0.0019800727852929845
12,0.45,0.86,6000,1233,1265.007720137477,416.87293454718457,10.09172010421753,0.2055,0.21083462002291284,0.002042537530617602
12,0.45,0.88,6000,966,988.6400781681356,301.14822903695176,10.137108087539673,0.161,0.16477334636135593,0.0019598025691869004
12,0.45,0.9,6000,824,776.2887611642223,227.84413900895944,10.100208520889282,0.13733333333333334,0.12938146019403704,0.0018814002140685984
12,0.5,0.76,6000,2494,2444.499277013153,1051.179787903862,10.06647253036499,0.4156666666666667,0.40741654616885886,0.0012389460717694154
12,0.5,0.78,6000,2310,2292.570924379998,948.8570853530928,10.545403957366943,0.385,0.382095154063333,0.0014229175130938837
12,0.5,0.8,6000,2145,2116.8516914803877,841.7256491656213,10.033162832260132,0.3575,0.3528086152467313,0.0016235929937520005
12,0.5,0.82,6000,1906,1911.46979814103,724.286997951909,10.006092309951782,0.31766666666666665,0.31857829969017165,0.001790045199009659
12,0.5,0.84,6000,1641,1669.8229620305292,603.1363769776428,10.067588090896606,0.2735,0.2783038270050882,0.001961018228841401
12,0.5,0.86,6000,1368,1409.2044831889573,475.7430501343034,10.608843564987183,0.228,0.2348674138648262,0.0020054853207946786
12,0.5,0.88,6000,1140,1156.7203556380707,373.1365834072425,10.102812051773071,0.19,0.19278672593967847,0.0020423385295620634
12,0.5,0.9,6000,898,916.1438996100504,279.01978315476276,10.096662521362305,0.14966666666666667,0.15269064993500842,0.0019660759594330463
8,0.15,0.0,8000,1178,1192.4496814331535,354.27081328952806,7.411727666854858,0.14725,0.1490562101791442,0.001660905493822617
8,0.154,0.0,8000,1316,1308.9733947962218,397.6928326893574,7.377987384796143,0.1645,0.16362167434952773,0.0016934587229865256
8,0.158,0.0,8000,1436,1451.6880315806784,453.5205643828958,7.861576557159424,0.1795,0.1814610039475848,0.0017235481285834513
8,0.162,0.0,8000,1615,1597.2208360073662,512.145028904629,7.403333902359009,0.201875,0.19965260450092076,0.0017378142207721552
8,0.166,0.0,8000,1678,1732.536846548468,567.636234177753,7.366380214691162,0.20975,0.2165671058185585,0.0017340784648378308
8,0.17,0.0,8000,1871,1881.842187369347,631.4815263309104,7.364484071731567,0.233875,0.23523027342116837,0.0017177332398050525
8,0.174,0.0,8000,1959,1987.14230323979,680.447572909867,7.893850803375244,0.244875,0.24839278790497374,0.0017087967080930693
8,0.178,0.0,8000,2164,2137.036260421687,749.1000332796975,7.390972375869751,0.2705,0.2671295325527109,0.0016689106574692288
8,0.17,0.2,8000,1256,1282.3835125013143,386.54456212451964,7.388833522796631,0.157,0.1602979390626643,0.0016817204427860106
8,0.174,0.2,8000,1334,1377.9340240594295,420.4957197791299,7.385966062545776,0.16675,0.1722417530074287,0.0016918039814806753
8,0.178,0.2,8000,1538,1525.6344334950795,482.2213104723648,7.417958498001099,0.19225,0.19070430418688494,0.00172889130799179
8,0.182,0.2,8000,1607,1617.145674228735,516.8870564292771,7.399964332580566,0.200875,0.2021432092785919,0.001723077696774008
8,0.186,0.2,8000,1752,1749.344679547624,573.0067089347438,7.917879819869995,0.219,0.21866808494345302,0.0017252928693228693
8,0.19,0.2,8000,1872,1857.5458332417043,620.361258348198,7.384039878845215,0.234,0.23219322915521304,0.001718808305556161
8,0.194,0.2,8000,1893,1990.294653590318,678.5095863377928,7.410619258880615,0.236625,0.24878683169878973,0.0016926929681348943
8,0.198,0.2,8000,2156,2145.7212676425943,755.8930728303104,7.394176244735718,0.2695,0.2682151584553243,0.0016789163781580567
8,0.198,0.4,8000,1421,1394.0130978128395,431.09172547129685,7.71656346321106,0.177625,0.17425163722660494,0.0017148532491668912
8,0.202,0.4,8000,1517,1478.5773734627226,464.0619001431159,7.3900487422943115,0.189625,0.18482217168284032,0.0017266833745581498
8,0.206,0.4,8000,1509,1556.266086954266,489.8864498549447,7.418922662734985,0.188625,0.19453326086928324,0.001710100183105793
8,0.21,0.4,8000,1652,1651.0426869871346,531.2304818635282,7.411855697631836,0.2065,0.20638033587339183,0.0017253240253905782
8,0.214,0.4,8000,1706,1751.5091169618686,572.3711579245639,7.6334733963012695,0.21325,0.21893863962023358,0.0017181101072163746
8,0.218,0.4,8000,1865,1877.993328769458,631.5719086381454,7.392075777053833,0.233125,0.23474916609618224,0.0017263508436927998
8,0.222,0.4,8000,2046,1996.1088910476851,683.9750859484479,7.39191198348999,0.25575,0.24951361138096065,0.001704506850337869
8,0.226,0.4,8000,2075,2070.613041533409,719.299038723889,7.414519548416138,0.259375,0.2588266301916761,0.0016927795502779334
8,0.244,0.6,8000,1462,1475.5684405099298,460.49276820718,7.402259349822998,0.18275,0.18444605506374123,0.0017155244031089479
8,0.248,0.6,8000,1567,1561.428858325282,495.5237008812977,7.408771514892578,0.195875,0.19517860729066025,0.0017265845968490263
8,0.252,0.6,8000,1669,1630.1274167860333,525.1638227901892,7.421629190444946,0.208625,0.20376592709825417,0.0017366613369898152
8,0.256,0.6,8000,1658,1718.7903124930522,558.2145969117176,7.664743185043335,0.20725,0.21484878906163152,0.0017182758409442311
8,0.26,0.6,8000,1801,1769.3909818591956,579.6542851867525,7.391797304153442,0.225125,0.22117387273239944,0.001715438952560554
8,0.264,0.6,8000,1876,1840.7581854842178,614.6705751221842,7.421541452407837,0.2345,0.23009477318552723,0.0017281928383958084
8,0.268,0.6,8000,1970,1936.8215853523593,655.2547659767754,7.432764768600464,0.24625,0.24210269816904492,0.0017064598329409447
8,0.25,0.45,8000,2374,2364.0738884201305,860.1066104253811,7.7991485595703125,0.29675,0.29550923605251633,0.001588637052575085
8,0.25,0.48,8000,2208,2218.3044953057342,789.0319425875346,7.400207281112671,0.276,0.27728806191321675,0.0016485994595425494
8,0.25,0.51,8000,2045,2073.9663158054123,720.3307704600493,7.404706239700317,0.255625,0.25924578947567656,0.001689519954910173
8,0.25,0.54,8000,1927,1924.1272171088826,653.4193029399007,7.417592763900757,0.240875,0.24051590213861032,0.0017259958266002359
8,0.25,0.57,8000,1766,1744.408896055658,572.8303596702394,7.427385091781616,0.22075,0.21805111200695726,0.001734233082506997
8,0.25,0.6,8000,1560,1574.5896099566385,499.6699593657271,7.993710041046143,0.195,0.19682370124457982,0.0017219952386948682
8,0.25,0.63,8000,1443,1428.1613663734079,443.51778071629036,7.431944370269775,0.180375,0.17852017079667598,0.0017165815542996524
8,0.25,0.66,8000,1278,1289.3826841979185,391.8455122395776,7.4573259353637695,0.15975,0.16117283552473982,0.0016958361499239008
8,0.3,0.6,8000,2505,2502.9927971114585,933.4702669548244,7.410262584686279,0.313125,0.3128740996389323,0.0015328050526652915
8,0.3,0.6257,8000,2356,2352.588095822911,856.2388630501182,7.419490337371826,0.2945,0.29407351197786386,0.001602856691342169
8,0.3,0.6514,8000,2150,2199.6838919520937,781.0997099924198,7.994769334793091,0.26875,0.2749604864940117,0.0016597043876351593
8,0.3,0.6771,8000,1990,2003.3606440965216,687.7703360443843,7.441472053527832,0.24875,0.2504200805120652,0.0017052852869750559
8,0.3,0.7029,8000,1785,1809.813765345219,600.8456495159367,7.429616451263428,0.223125,0.2262267206681524,0.0017295291380989136
8,0.3,0.7286,8000,1594,1613.3654914080735,515.5205260007924,7.435630798339844,0.19925,0.2016706864260092,0.001723802899224441
8,0.3,0.7543,8000,1407,1447.6980916260313,453.44289695292036,7.697435140609741,0.175875,0.18096226145325392,0.001729740372519657
8,0.3,0.78,8000,1270,1246.757090962307,374.07548339799007,7.460636138916016,0.15875,0.1558446363702884,0.0016761076216982927
8,0.35,0.7,8000,2495,2518.6308871273313,944.3447633614285,7.45456337928772,0.311875,0.31482886089091644,0.00153819089361219
8,0.35,0.72,8000,2331,2364.084964129117,861.1780182862574,7.4043614864349365,0.291375,0.29551062051613963,0.0015938658136814838
8,0.35,0.74,8000,2231,2198.4258097717357,778.50132614082,7.399223566055298,0.278875,0.27480322622146697,0.0016507035412232857
8,0.35,0.76,8000,2072,2029.3054906793773,701.3079383502268,7.772922992706299,0.259,0.2536631863349222,0.0017073881869178768
8,0.35,0.78,8000,1857,1842.219856237889,613.7885725935089,7.406460523605347,0.232125,0.2302774820297361,0.001721148424603929
8,0.35,0.8,8000,1706,1697.1666624332502,552.57915640981,7.409969329833984,0.21325,0.21214583280415628,0.0017345586206822833
8,0.35,0.82,8000,1512,1515.6339955934532,479.85641332087,7.4141013622283936,0.189,0.18945424944918166,0.0017353728183583021
8,0.35,0.84,8000,1319,1333.5915102726253,411.2095842771213,7.797207355499268,0.164875,0.16669893878407815,0.0017181244787058741
8,0.4,0.74,8000,2690,2708.4479693401813,1048.7554949140026,7.365476369857788,0.33625,0.3385559961675227,0.001435110355730519
8,0.4,0.76,8000,2515,2549.3563795900714,960.9718247247398,7.369477987289429,0.314375,0.3186695474487589,0.0015237092615271676
8,0.4,0.78,8000,2302,2343.7157069720756,853.9056824055817,7.351608514785767,0.28775,0.29296446337150944,0.0016168119704796033
8,0.4,0.82,8000,1929,1960.2083739783027,672.4548922403663,7.361660480499268,0.241125,0.24502604674728784,0.0017328481146666537
8,0.4,0.84,8000,1726,1749.438228121634,578.8327432996416,7.393619537353516,0.21575,0.21867977851520426,0.0017512964633486156
8,0.4,0.86,8000,1524,1537.7643170155184,488.95266413964896,7.392678499221802,0.1905,0.1922205396269398,0.001738295459426002
8,0.4,0.88,8000,1297,1293.7801156018504,394.4391503818965,7.871282339096069,0.162125,0.1617225144502313,0.0017012354451865176
8,0.45,0.76,8000,2852,2871.969321760238,1148.2260911898663,7.366632461547852,0.3565,0.35899616522002975,0.0013533221270648197
8,0.45,0.78,8000,2800,2705.9124557237446,1050.2551097631165,7.352822542190552,0.35,0.3382390569654681,0.0014525124292005813
8,0.45,0.8,8000,2517,2499.1280392682947,938.0789824410019,7.3706886768341064,0.314625,0.31239100490853683,0.0015682072619465908
8,0.45,0.82,8000,2250,2273.652136178848,822.018725643451,7.3819403648376465,0.28125,0.284206517022356,0.0016576242074677933
8,0.45,0.84,8000,2039,2067.537288542729,721.2352358221789,7.673292398452759,0.254875,0.2584421610678411,0.0017089826828469725
8,0.45,0.86,8000,1763,1793.4483693951877,597.5141481622386,7.384730339050293,0.220375,0.22418104617439846,0.0017476835187654044
8,0.45,0.88,8000,1546,1567.0423188933055,504.16514749106625,7.40141487121582,0.19325,0.1958802898616632,0.001755514073916733
8,0.45,0.9,8000,1296,1310.3139443209493,402.71594735249425,7.410918474197388,0.162,0.16378924304011866,0.0017144793933945772
8,0.5,0.76,8000,3086,3049.901918430118,1260.0164957117252,7.867677688598633,0.38575,0.38123773980376474,0.001232952142434377
8,0.5,0.78,8000,2832,2886.7031288606395,1162.8939632469232,7.34998631477356,0.354,0.3608378911075799,0.0013765744033645483
8,0.5,0.82,8000,2462,2465.643287235771,922.2901676278404,7.365837097167969,0.30775,0.30820541090447134,0.001592883898853007
8,0.5,0.84,8000,2230,2231.321689755331,805.0223006883677,7.648618459701538,0.27875,0.27891521121941637,0.0016895615982729323
8,0.5,0.86,8000,2057,2002.9820951568709,694.7284672352353,7.338561773300171,0.257125,0.25037276189460883,0.0017377268988697915
8,0.5,0.88,8000,1726,1750.194551541787,580.190718015353,7.2613184452056885,0.21575,0.21877431894272337,0.0017558730098263555
24,0.162,0.1,4000,444,440.2047397290777,125.26277391321601,33.3536159992218,0.111,0.11005118493226942,0.0021914169207060867
24,0.158,0.1,4000,353,352.7505489191234,97.40766574081695,32.13490700721741,0.08825,0.08818763722978085,0.0020358660212234734
24,0.166,0.1,4000,521,545.2636736478329,161.10762687980534,30.18186044692993,0.13025,0.13631591841195823,0.0023291791570745173
24,0.17,0.1,4000,677,675.4174850985146,209.18246144880916,32.989938497543335,0.16925,0.16885437127462866,0.0024387375886244056
24,0.174,0.1,4000,798,799.824421771036,256.61955378867316,30.03710103034973,0.1995,0.199956105442759,0.002458581347320744
24,0.178,0.1,4000,912,933.9843061343306,315.6116901505705,33.11908769607544,0.228,0.23349607653358265,0.002469240871783716
24,0.182,0.1,4000,1039,1071.1176702283544,379.31668338302165,30.143099069595337,0.25975,0.2677794175570886,0.002404638052946195
24,0.186,0.1,4000,1221,1212.368063175956,448.31567639139087,33.00395441055298,0.30525,0.303092015793989,0.002248288452398248
48,0.158,0.1,2000,92,96.34176877212816,25.612181161524425,77.99360227584839,0.046,0.04817088438606408,0.00229029495144089
48,0.162,0.1,2000,161,143.6616046251781,37.90898660086655,76.40276384353638,0.0805,0.07183080231258904,0.0026269497525233817
48,0.166,0.1,2000,202,217.53259398078202,63.05941742462931,68.38994240760803,0.101,0.10876629699039102,0.0031392241142798637
48,0.17,0.1,2000,278,304.5535293660968,91.56122480531567,67.77205181121826,0.139,0.1522767646830484,0.0033618225109988183
48,0.174,0.1,2000,418,412.2983943176177,135.0350764845836,67.09975910186768,0.209,0.20614919715880883,0.0035378357108963995
48,0.178,0.1,2000,527,504.1277783317156,174.80661472545773,67.15155148506165,0.2635,0.2520638891658578,0.0034553612446922483
48,0.182,0.1,2000,586,586.7489959082966,214.4327112538022,68.2478039264679,0.293,0.2933744979541483,0.0032525635079445996
48,0.186,0.1,2000,690,702.1668913816669,278.2314422662432,68.01915168762207,0.345,0.35108344569083344,0.0028163866326054695
24,0.184,0.3,4000,442,455.83532375856515,129.26326466097802,23.168320417404175,0.1105,0.11395883093964129,0.0021985241939051947
24,0.188,0.3,4000,558,546.005821219147,160.77509703573034,23.1831214427948,0.1395,0.13650145530478677,0.0023219882960651924
24,0.192,0.3,4000,646,665.0635044466799,204.11915786626605,22.55814218521118,0.1615,0.16626587611166996,0.0024182274361253826
24,0.196,0.3,4000,766,765.7022347492949,246.11820385024623,22.681350231170654,0.1915,0.19142555868732372,0.002494595631117914
24,0.2,0.3,4000,866,872.0575192839251,289.8522965177248,22.296008825302124,0.2165,0.21801437982098126,0.0024969500936379485
24,0.204,0.3,4000,979,975.8482744646432,333.6739973987971,23.390564441680908,0.24475,0.2439620686161608,0.002444738491767374
24,0.208,0.3,4000,1110,1094.9496471162975,390.76458258222533,22.526949882507324,0.2775,0.27373741177907435,0.002385616597685019
24,0.212,0.3,4000,1211,1212.7081760100589,448.61797535542786,23.46106481552124,0.30275,0.3031770440025147,0.002249624115125323
48,0.184,0.3,2000,164,151.19218798966392,41.62286305645496,67.70299863815308,0.082,0.07559609399483196,0.0027481097328942343
48,0.188,0.3,2000,210,207.00574886990705,58.42062618759864,67.48265433311462,0.105,0.10350287443495353,0.0030419337137929776
48,0.192,0.3,2000,281,295.52504915460224,90.77173104292513,67.75290203094482,0.1405,0.14776252457730113,0.003432483342559873
48,0.196,0.3,2000,371,375.1980662421605,119.09431986011369,67.88920092582703,0.1855,0.18759903312108026,0.0034904115570323605
48,0.2,0.3,2000,430,448.57186618182146,151.22184808844884,67.57814025878906,0.215,0.22428593309091074,0.0035580474957303335
48,0.204,0.3,2000,515,550.7801602603884,196.09234834129384,65.45080518722534,0.2575,0.27539008013019417,0.0033329856532767366
48,0.208,0.3,2000,646,623.7725818554422,234.52055047568115,65.91109228134155,0.323,0.31188629092772113,0.0031620575087178537
48,0.212,0.3,2000,716,708.5837316229267,281.4349978684636,68.11135959625244,0.358,0.3542918658114634,0.0027570250217430338
24,0.222,0.5,4000,569,572.4295296983477,172.6581209155583,25.278430461883545,0.14225,0.14310738242458693,0.0023817262617930467
24,0.226,0.5,4000,642,659.3342024067917,203.83913764962247,25.278801441192627,0.1605,0.16483355060169794,0.0024390384333237932
24,0.23,0.5,4000,719,746.7065748587463,237.82581577878932,26.452829837799072,0.17975,0.18667664371468656,0.002480647004597728
24,0.234,0.5,4000,797,832.7362744117967,273.0415940548604,25.424251079559326,0.19925,0.20818406860294916,0.0024962984396670975
24,0.238,0.5,4000,903,934.3945424410545,315.0898299568622,26.245944499969482,0.22575,0.23359863561026362,0.0024601924455775873
24,0.242,0.5,4000,979,1011.9798730398705,350.70432321459526,26.417175769805908,0.24475,0.25299496825996765,0.0024328761643997664
24,0.246,0.5,4000,1137,1099.1476720179267,390.21661316727136,26.23570728302002,0.28425,0.2747869180044817,0.00234796805447822
24,0.25,0.5,4000,1179,1179.427977018311,433.3679228709775,26.37991237640381,0.29475,0.29485699425457773,0.002313367962961813
48,0.222,0.5,2000,229,214.1929373881015,60.825206989377,76.69036960601807,0.1145,0.10709646869405076,0.0030783458302311656
48,0.226,0.5,2000,298,283.16561011171814,85.35581740891475,69.98116183280945,0.149,0.14158280505585907,0.003364783781082034
48,0.23,0.5,2000,367,352.07500708464676,110.06463618888611,69.94544124603271,0.1835,0.17603750354232336,0.0034680789359914956
48,0.234,0.5,2000,415,414.443805009209,134.91808947160774,69.87974810600281,0.2075,0.20722190250460448,0.0035021702596178426
48,0.238,0.5,2000,497,492.614281535944,169.56909315057732,69.91735577583313,0.2485,0.246307140767972,0.0034734279669972282
48,0.242,0.5,2000,589,560.6144036261438,202.31327325442714,68.92310667037964,0.2945,0.2803072018130719,0.0033612354233607776
48,0.246,0.5,2000,616,612.0303452206147,227.7197582447505,70.06005096435547,0.308,0.3060151726103073,0.0031799925791943925
48,0.25,0.5,2000,662,677.6563640694998,264.1742022931746,70.28835606575012,0.331,0.3388281820347499,0.002940340950512281
24,0.282,0.7,8000,1142,1143.269567280501,340.27594013996793,46.10979509353638,0.14275,0.1429086959100626,0.001662616967537998
24,0.287,0.7,4000,706,643.921640843376,196.30745229307394,24.216343879699707,0.1765,0.16098041021084403,0.0024066554901078455
24,0.292,0.7,4000,697,712.4097101810019,224.61488850223319,22.97130513191223,0.17425,0.17810242754525046,0.0024718089159239203
24,0.297,0.7,4000,769,777.3672517304261,247.17230088876676,23.012535095214844,0.19225,0.19434181293260652,0.002451037665658055
24,0.302,0.7,4000,864,886.8635646952796,295.66762196852574,22.958446741104126,0.216,0.2217158911738199,0.002488230314059879
24,0.307,0.7,4000,946,954.3999886158924,324.89931123169487,22.44143056869507,0.2365,0.23859999715397312,0.0024647994037116016
24,0.312,0.7,8000,2048,2059.0138149513073,719.1812572069905,44.00736355781555,0.256,0.2573767268689134,0.001719659662784848
24,0.317,0.7,4000,1053,1103.3956704903958,392.86735828618384,22.14044165611267,0.26325,0.27584891762259894,0.0023521132335970907
48,0.282,0.7,5000,540,561.5345164212174,161.70475513538008,154.13957333564758,0.108,0.11230690328424348,0.001986557671609975
48,0.287,0.7,2000,287,275.12959114209076,81.99104533885782,68.53907632827759,0.1435,0.13756479557104537,0.0033228369606702495
48,0.292,0.7,2000,324,329.3972622197067,101.20487456156475,68.74761390686035,0.162,0.16469863110985336,0.0034269915715211567
48,0.297,0.7,2000,387,395.07278279850755,128.23310669015194,68.54230213165283,0.1935,0.19753639139925377,0.003543196414176487
48,0.302,0.7,2000,481,443.3340209110452,146.6999227584447,68.34880661964417,0.2405,0.2216670104555226,0.0034803599497978477
48,0.307,0.7,2000,516,511.4268386773316,177.6009901545601,68.34190630912781,0.258,0.2557134193386658,0.0034221962008514958
48,0.312,0.7,5000,1362,1411.4312354059437,506.7013011290667,153.66442775726318,0.2724,0.2822862470811887,0.0020813008791609644
48,0.317,0.7,2000,617,618.0796609149237,231.37030022647878,67.55137896537781,0.3085,0.30903983045746186,0.003177233711746878
24,0.345,0.8,4000,598,629.1081799197802,193.58766445066803,23.241400241851807,0.1495,0.15727704497994505,0.0024324249179586642
24,0.3529,0.8,4000,696,700.5537591527998,218.88688554681016,22.740066289901733,0.174,0.17513843978819996,0.0024522572183971027
24,0.3607,0.8,4000,811,772.7974390086978,245.89033116124523,23.401833534240723,0.20275,0.19319935975217445,0.0024572661810814203
24,0.3686,0.8,4000,869,846.7188580887616,275.8951202263195,22.689416646957397,0.21725,0.21167971452219042,0.0024582270743735723
24,0.3764,0.8,4000,919,933.1166896366949,316.27589181376504,23.37662672996521,0.22975,0.23327917240917373,0.0024827386423412773
24,0.3843,0.8,4000,989,1000.3084118117979,345.7167716769764,22.71647024154663,0.24725,0.2500771029529495,0.002444207931535111
24,0.3921,0.8,4000,1112,1069.1764299241881,377.59967353155514,23.466405868530273,0.278,0.26729410748104704,0.0023958045813667356
48,0.345,0.8,2000,242,242.5722831592427,70.86747657557109,68.45950484275818,0.121,0.12128614157962134,0.0032197652893520136
48,0.3529,0.8,2000,308,295.2076177269304,89.11126427613111,68.13312530517578,0.154,0.1476038088634652,0.0033749176149923408
48,0.3607,0.8,2000,379,365.306006531111,117.19423610065695,67.86673402786255,0.1895,0.1826530032655555,0.0035530002997136946
48,0.3686,0.8,2000,439,431.5337002427212,141.28507009344446,67.60708427429199,0.2195,0.2157668501213606,0.0034712570533568256
48,0.3764,0.8,2000,503,501.05603340758967,173.7958973680506,67.69277691841125,0.2515,0.2505280167037948,0.003474603171420245
48,0.3843,0.8,2000,561,542.5095627764672,193.09506008460593,67.42239689826965,0.2805,0.2712547813882336,0.0033896801875765957
48,0.3921,0.8,2000,594,596.9609575630527,220.90332198510302,66.32593894004822,0.297,0.29848047878152634,0.0032689257145298847
16,0.158,0.1,4000,429,446.6655000552632,127.45453810464652,11.076468706130981,0.10725,0.1116663750138158,0.002202220753789451
16,0.162,0.1,4000,504,528.7059515863177,156.91066964380926,10.585950374603271,0.126,0.13217648789657943,0.0023325138841654046
16,0.166,0.1,4000,632,608.1421917529792,182.88092492882515,10.592395782470703,0.158,0.1520355479382448,0.0023775552656229173
16,0.17,0.1,4000,694,727.0931005159987,228.47106869807703,10.651434659957886,0.1735,0.18177327512899968,0.0024536841784061985
16,0.174,0.1,4000,802,825.2693730891722,270.064793099676,10.7402503490448,0.2005,0.20631734327229304,0.00249777856493231
16,0.178,0.1,4000,920,920.3744694624231,312.161646709347,10.787084102630615,0.23,0.23009361736560577,0.002505175384511737
16,0.182,0.1,4000,1013,1016.4071961612448,353.4937191507111,10.805501222610474,0.25325,0.2541017990403112,0.0024398595465088637
16,0.186,0.1,4000,1148,1114.5084517107516,398.5180579929653,10.916147708892822,0.287,0.2786271129276879,0.0023453116491499817
32,0.158,0.1,3000,222,214.31935152835996,58.63979673290217,30.589229583740234,0.074,0.07143978384278665,0.0021945213691906447
32,0.162,0.1,3000,248,295.63380036439906,84.49851426316468,31.296921730041504,0.08266666666666667,0.09854460012146636,0.002480677795165306
32,0.166,0.1,3000,383,376.63804890952474,110.01427568618516,31.060768604278564,0.12766666666666668,0.1255460163031749,0.002640492076459561
32,0.17,0.1,3000,493,479.3445727778578,146.62911592698717,30.6658992767334,0.16433333333333333,0.15978152425928593,0.0027901028149968396
32,0.174,0.1,3000,636,611.1669358837266,199.55141289112888,33.61102485656738,0.212,0.20372231196124221,0.002888061526290731
32,0.178,0.1,3000,742,716.8161832175915,244.42592181527408,36.219595193862915,0.24733333333333332,0.23893872773919717,0.002851416152967343
32,0.182,0.1,3000,860,839.9444209984272,301.3643780273705,34.4263334274292,0.2866666666666667,0.2799814736661424,0.002712472708785674
32,0.186,0.1,3000,962,950.2266458125475,359.1139116786737,35.07397198677063,0.32066666666666666,0.31674221527084917,0.002542011546934458
16,0.184,0.3,4000,577,537.325360519078,158.0139224634036,11.861302852630615,0.14425,0.1343313401297695,0.002316459456757547
16,0.188,0.3,4000,631,609.6083241847832,183.02309036468168,11.779023170471191,0.15775,0.1524020810461958,0.0023735528241945886
16,0.192,0.3,4000,674,687.7649666075258,213.11234123490726,12.15304183959961,0.1685,0.17194124165188146,0.002435170670822281
16,0.196,0.3,4000,742,767.3767759099164,243.38424293684034,11.75150442123413,0.1855,0.19184419397747912,0.002451931786409782
16,0.204,0.3,4000,962,949.7656193990599,321.65584689824766,11.726805448532104,0.2405,0.23744140484976498,0.0024516092355520163
16,0.208,0.3,4000,1027,1046.0072006027244,366.57811611857915,12.129641056060791,0.25675,0.2615018001506811,0.002411801937151043
16,0.212,0.3,4000,1150,1129.3271781784663,407.7839331578358,11.748738050460815,0.2875,0.28233179454461654,0.002357981189172417
32,0.184,0.3,3000,283,285.4136212900404,79.62128905475248,34.57255530357361,0.09433333333333334,0.0951378737633468,0.002414887598683167
32,0.188,0.3,3000,373,374.6868333110428,110.64046596316805,33.60026168823242,0.12433333333333334,0.12489561110368093,0.0026638529589475594
32,0.192,0.3,3000,451,465.0927657443233,141.4702894053165,31.073068141937256,0.15033333333333335,0.15503092191477444,0.00277668185354849
32,0.196,0.3,3000,571,570.7059039433334,183.79852007045227,31.05899977684021,0.19033333333333333,0.19023530131444447,0.0028916584156854206
32,0.204,0.3,3000,774,765.3675148747006,266.53493622437634,31.02136778831482,0.258,0.2551225049582336,0.002814569712997245
32,0.208,0.3,3000,836,850.6913045200716,306.2884161946185,30.362873792648315,0.2786666666666667,0.2835637681733572,0.002689173340397921
32,0.212,0.3,3000,986,970.4137815482514,368.63668416804506,31.019357442855835,0.32866666666666666,0.3234712605160838,0.0024665307699179746
16,0.222,0.5,4000,652,636.4225099136087,193.43370255552958,10.51944351196289,0.163,0.15910562747840218,0.0024004992887116947
16,0.226,0.5,4000,706,716.6325247637751,224.50535375704987,10.657219648361206,0.1765,0.1791581311909438,0.0024512604484844807
16,0.23,0.5,4000,806,767.1925635272179,242.31014471455302,10.536879062652588,0.2015,0.19179814088180447,0.002439106320589822
16,0.234,0.5,4000,848,839.0213005979317,277.18064409830254,10.564496994018555,0.212,0.20975532514948292,0.0025151635455607684
16,0.238,0.5,4000,956,910.5252530844176,305.3941390789059,10.517566919326782,0.239,0.2276313132711044,0.002476825319429177
16,0.242,0.5,4000,1032,995.6098773133826,341.88218107362337,10.628556966781616,0.258,0.24890246932834567,0.002425076649686286
16,0.246,0.5,4000,965,1042.7893577222176,366.3949030194804,10.4689621925354,0.24125,0.2606973394305544,0.0024311279970436776
16,0.25,0.5,4000,1158,1121.7583325879405,405.1015659617394,10.483932495117188,0.2895,0.28043958314698514,0.0023787964586830406
32,0.222,0.5,3000,394,382.213550718026,111.59117094654758,30.84498381614685,0.13133333333333333,0.12740451690600868,0.0026439955097279405
32,0.226,0.5,3000,462,451.78219528169467,134.1630825251359,30.901637077331543,0.154,0.15059406509389822,0.0027110763546282996
32,0.23,0.5,3000,560,552.6511114248672,174.6044886697848,30.294363498687744,0.18666666666666668,0.18421703714162238,0.002844507612550989
32,0.234,0.5,3000,577,618.4550958464916,200.85917276656352,31.74395990371704,0.19233333333333333,0.2061516986154972,0.0028555611810674817
32,0.238,0.5,3000,681,684.6341339332573,229.3624130428841,30.840598106384277,0.227,0.22821137797775243,0.002850838000761844
32,0.242,0.5,3000,782,784.4626664121213,275.9806677065266,28.47169780731201,0.26066666666666666,0.26148755547070707,0.0028062839881209103
32,0.246,0.5,3000,871,862.1048628480164,312.63251866140934,29.972126245498657,0.29033333333333333,0.28736828761600547,0.0026856110001817817
32,0.25,0.5,3000,875,942.7452982818397,356.0092393895769,29.2663254737854,0.2916666666666667,0.31424843276061326,0.00257709852401838
16,0.282,0.7,8000,1313,1293.2642556248202,399.16231286196637,19.530330896377563,0.164125,0.16165803195310252,0.0017235479551766636
16,0.287,0.7,4000,718,712.7684032028315,222.86180622083373,10.281943082809448,0.1795,0.17819210080070785,0.0024479082408351395
16,0.292,0.7,4000,763,763.844930345681,243.7999170508049,10.274807929992676,0.19075,0.19096123258642023,0.00247436402885285
16,0.297,0.7,4000,849,826.3978724640203,269.7669569642756,10.292951583862305,0.21225,0.20659946811600507,0.0024882016680121306
16,0.302,0.7,4000,937,884.5616195657326,292.3216037324814,10.671624660491943,0.23425,0.22114040489143316,0.0024588294013411266
16,0.307,0.7,4000,965,943.8492935285973,319.6727128542459,10.32451844215393,0.24125,0.2359623233821493,0.002462012472707807
16,0.312,0.7,8000,2004,2007.2864682587228,693.0895170678639,19.311766624450684,0.2505,0.2509108085323404,0.0017205709866077224
16,0.317,0.7,4000,1055,1050.6402660378071,369.37774564880436,10.354953289031982,0.26375,0.2626600665094518,0.0024166074290685735
32,0.282,0.7,7000,924,915.3318534570401,273.07671986488947,64.91638326644897,0.132,0.13076169335100574,0.0017694014449666097
32,0.287,0.7,3000,456,463.25591114573353,140.64021304981867,30.762702703475952,0.152,0.15441863704857783,0.002771439844044666
32,0.292,0.7,3000,536,534.4505448477303,168.81375736315854,29.999908685684204,0.17866666666666667,0.1781501816159101,0.0028601833212363336
32,0.297,0.7,3000,575,585.4086796222223,187.11886505663327,30.939140796661377,0.19166666666666668,0.19513622654074075,0.002846220246807556
32,0.302,0.7,3000,669,660.6141935601767,217.6231929584805,30.845472812652588,0.223,0.22020473118672557,0.0028318992646820815
32,0.307,0.7,3000,711,708.0566305015319,239.23529851332367,30.21641707420349,0.237,0.23601887683384398,0.0028312662273843915
32,0.312,0.7,7000,1878,1861.0105866881647,655.5612064480147,65.05802583694458,0.2682857142857143,0.26585865524116636,0.0018116314022307998
32,0.317,0.7,3000,866,858.0143018998975,309.8810636569108,30.792658805847168,0.2886666666666667,0.2860047672999658,0.0026771955689641486
16,0.345,0.8,4000,650,659.2123578619768,200.9770338856366,10.520373344421387,0.1625,0.16480308946549418,0.002402601333305438
16,0.3529,0.8,4000,729,758.6268735116485,241.2396826281695,10.47981858253479,0.18225,0.18965671837791212,0.0024671003432809296
16,0.3607,0.8,4000,822,794.3194515243495,255.54049820257836,10.493262767791748,0.2055,0.19857986288108737,0.0024727149516273164
16,0.3686,0.8,4000,870,864.7044843905311,284.1283304826276,10.529938459396362,0.2175,0.21617612109763276,0.002465058001284565
16,0.3764,0.8,4000,906,924.9397731856084,310.6309570014303,10.736819505691528,0.2265,0.2312349432964021,0.00245937943373254
16,0.3843,0.8,4000,1021,992.1832994753906,340.9247774658686,10.47879934310913,0.25525,0.24804582486884766,0.0024346658255950866
16,0.3921,0.8,4000,1083,1046.8537892409936,368.3146218804724,10.478679180145264,0.27075,0.26171344731024837,0.0024285090396815364
32,0.345,0.8,3000,435,411.1125142975682,120.72902055282381,30.817872047424316,0.145,0.13703750476585608,0.0026752499011321513
32,0.3529,0.8,3000,513,485.80465504284086,148.85708631591768,30.897760152816772,0.171,0.1619348850142803,0.0027930821145037807
32,0.3607,0.8,3000,521,550.1229625767039,174.29642928887867,30.73253631591797,0.17366666666666666,0.1833743208589013,0.0028566197091818833
32,0.3686,0.8,3000,654,631.233469075077,207.16208759928102,29.90601944923401,0.218,0.210411156358359,0.0028745688155254246
32,0.3764,0.8,3000,667,692.9376710235413,232.945719865719,30.480504751205444,0.22233333333333333,0.23097922367451376,0.0028463586841817727
32,0.3843,0.8,3000,791,767.4131031650254,266.8434699451077,30.877065658569336,0.26366666666666666,0.25580436772167514,0.002799987422538196
32,0.3921,0.8,3000,856,827.2551333153901,295.2305957870403,30.14800715446472,0.2853333333333333,0.27575171110513,0.002731217797303937
64,0.15,0.0,1500,57,53.861816988833624,14.434782658335802,92.34111380577087,0.038,0.03590787799255575,0.002357876490758572
64,0.154,0.0,1500,96,93.06148383791955,25.825522103103832,93.37264156341553,0.064,0.0620409892252797,0.002986285127066896
64,0.158,0.0,1500,168,152.59587722408833,43.8639242085749,91.50399780273438,0.112,0.10173058481605889,0.0035502214319906625
64,0.162,0.0,1500,252,244.24308735799534,75.52409866649825,92.50246143341064,0.168,0.16282872490533024,0.0039876565266061806
64,0.166,0.0,1500,330,336.26097198787846,113.14044735588838,92.04530620574951,0.22,0.22417398132525232,0.004097949421370899
64,0.17,0.0,1500,445,428.7512030817417,155.44730400234332,95.8872401714325,0.2966666666666667,0.2858341353878278,0.00382491943770149
64,0.174,0.0,1500,521,527.7220805921135,209.61039167841096,96.36843085289001,0.3473333333333333,0.3518147203947423,0.0032636702423254065
64,0.178,0.0,1500,625,597.3920413213117,252.84559316225534,96.18712496757507,0.4166666666666667,0.39826136088087444,0.0025765941397526805
64,0.198,0.4,1500,91,85.356122377836,22.859967283393573,97.84514379501343,0.06066666666666667,0.056904081585224,0.00282959482314275
64,0.202,0.4,1500,122,123.65460498658388,33.65136884199002,96.6849205493927,0.08133333333333333,0.08243640332438926,0.00322995540872636
64,0.206,0.4,1500,191,189.78103477930145,54.91617276706873,96.64787650108337,0.12733333333333333,0.12652068985286763,0.0037073837656090643
64,0.21,0.4,1500,231,235.66301558029454,69.45143998640893,97.87348961830139,0.154,0.15710867705352968,0.0037975645776515275
64,0.214,0.4,1500,315,312.11552508111714,101.53628971364995,96.52560114860535,0.21,0.20807701672074477,0.004034111961842039
64,0.218,0.4,1500,405,388.4579390768096,134.98406530619414,97.51966500282288,0.27,0.25897195938453976,0.00391051516232522
64,0.222,0.4,1500,434,454.9511555405948,168.08823761155864,95.63802480697632,0.28933333333333333,0.30330077036039654,0.003658857290633753
64,0.226,0.4,1500,510,520.1899343123666,205.24524597420125,90.64721965789795,0.34,0.34679328954157773,0.003324217073827179
64,0.4,0.74,1500,753,726.4017906122609,352.5990585443484,97.18060612678528,0.502,0.48426786040817393,0.0006061054743750105
64,0.4,0.76,1500,691,692.896826407107,323.81920662553557,96.4525876045227,0.46066666666666667,0.46193121760473804,0.0012911721835867306
64,0.4,0.78,1500,641,616.4938209514354,265.70447774222714,96.16544699668884,0.42733333333333334,0.41099588063429027,0.002341536160736416
64,0.4,0.8,4500,1537,1544.4680616777005,604.9580273935292,252.72482013702393,0.34155555555555556,0.3432151248172668,0.0019230874227811488
64,0.4,0.82,4500,1100,1105.2801625261002,378.6462679774909,255.15768480300903,0.24444444444444444,0.24561781389468892,0.0023007630673513094
64,0.4,0.84,4500,648,652.590931316471,196.59501552931818,255.39387774467468,0.144,0.14502020695921577,0.002244101245123508
64,0.4,0.86,4500,299,300.7141861533371,81.16766472298676,242.24723029136658,0.06644444444444444,0.06682537470074158,0.0017368326671239145
64,0.4,0.88,1500,29,26.762316904511824,5.810249037430037,94.3936927318573,0.019333333333333334,0.017841544603007884,0.0015400325417980335
64,0.5,0.76,1500,764,747.1605247032525,372.1851471717537,94.36542344093323,0.5093333333333333,0.498107016468835,9.252081730872196e-05
64,0.5,0.78,1500,753,740.1252163220374,365.4441221894374,95.52796959877014,0.502,0.4934168108813583,0.0003360341764323942
64,0.5,0.8,1500,712,718.0083153659601,345.3655957855384,93.03457522392273,0.4746666666666667,0.47867221024397344,0.0008630915713882531
64,0.5,0.82,1500,684,658.9960970000147,297.16393340487036,93.71291828155518,0.456,0.43933073133334316,0.0018441254913043512
64,0.5,0.84,4500,1640,1642.6324519103152,663.4734456425604,259.47542357444763,0.36444444444444446,0.36502943375784785,0.00177608874013549
64,0.5,0.86,4500,1124,1130.0490061151781,392.62714801772205,260.5445821285248,0.24977777777777777,0.2511220013589285,0.0023186966705461397
64,0.5,0.88,4500,593,565.4822265632145,165.33250777422595,261.54335355758667,0.13177777777777777,0.12566271701404766,0.002157884524839148
64,0.5,0.9,4500,173,186.5160672566208,47.645109890234814,258.93940258026123,0.03844444444444445,0.04144801494591573,0.0014041079235137938
12,0.158,0.1,6000,737,764.8796923123641,224.4048830468731,9.586072206497192,0.12283333333333334,0.12747994871872736,0.0018776404541112708
12,0.162,0.1,6000,870,865.2071157533908,258.83721876103266,9.766820430755615,0.145,0.14420118595889847,0.0019299947887712018
12,0.166,0.1,6000,1025,990.6388156409588,304.2768419097589,9.612334728240967,0.17083333333333334,0.16510646927349312,0.0019772274450759937
12,0.17,0.1,6000,1099,1094.7846181317082,341.99574504899147,9.583487272262573,0.18316666666666667,0.18246410302195135,0.0019878838678422726
12,0.174,0.1,6000,1258,1225.9633654181312,395.8542047930787,9.580450057983398,0.20966666666666667,0.20432722756968852,0.0020095655926261873
12,0.178,0.1,6000,1370,1363.6529577289243,455.612230583917,9.770494937896729,0.22833333333333333,0.22727549295482072,0.0020118511215240133
12,0.182,0.1,6000,1528,1489.2111462032688,512.2303192888453,9.548853397369385,0.25466666666666665,0.2482018577005448,0.00199045721863981
12,0.186,0.1,6000,1600,1601.2283525515852,562.6941739686222,9.44463300704956,0.26666666666666666,0.2668713920919309,0.001939320472696317
12,0.184,0.3,6000,890,883.2554353734454,263.2315672582463,9.439385890960693,0.14833333333333334,0.14720923922890755,0.0019237579805677413
12,0.188,0.3,6000,962,1009.5640585025542,310.70972828615277,9.558245182037354,0.16033333333333333,0.16826067641709236,0.001978097248820489
12,0.192,0.3,6000,1073,1111.027467752555,349.8871900211531,9.205894470214844,0.17883333333333334,0.1851712446254258,0.0020012557248945523
12,0.196,0.3,6000,1212,1207.383112655136,389.31514323339366,9.056090593338013,0.202,0.20123051877585602,0.0020164408228508933
12,0.2,0.3,6000,1339,1312.661002160015,433.19113181873865,9.013821363449097,0.22316666666666668,0.21877683369333584,0.0020140868714645047
12,0.204,0.3,6000,1408,1412.4097340930502,476.41711846713446,9.11719799041748,0.23466666666666666,0.2354016223488417,0.0019997053155710294
12,0.208,0.3,6000,1541,1516.592731475976,524.0219815985799,8.822957277297974,0.25683333333333336,0.25276545524599603,0.0019769728538452363
12,0.212,0.3,6000,1602,1634.5558677548077,578.2099766271571,8.765047550201416,0.267,0.2724259779591346,0.0019216359634282353
12,0.222,0.5,6000,1013,1015.1900541433126,312.0953448864507,8.802293062210083,0.16883333333333334,0.16919834235721878,0.0019744919336533934
12,0.226,0.5,6000,1106,1114.3303975259143,353.41245471103133,8.999367237091064,0.18433333333333332,0.18572173292098573,0.0020171590020140267
12,0.23,0.5,6000,1169,1202.7362650125897,387.1694976634262,8.881964921951294,0.19483333333333333,0.20045604416876495,0.0020145174048704453
12,0.234,0.5,6000,1255,1273.8763433529364,416.3448678792162,8.878842115402222,0.20916666666666667,0.21231272389215605,0.002013213501482078
12,0.238,0.5,6000,1318,1366.720180749665,453.1643805089324,8.930562734603882,0.21966666666666668,0.22778669679161082,0.001985134683758601
12,0.242,0.5,6000,1432,1461.1597175754844,497.48281857380135,9.164475679397583,0.23866666666666667,0.24352661959591407,0.0019837894740663193
12,0.246,0.5,6000,1538,1556.0494141592494,542.7705271897718,9.069899082183838,0.25633333333333336,0.25934156902654154,0.0019667050717430677
12,0.25,0.5,6000,1623,1645.4392417556544,583.5247074965644,9.068697214126587,0.2705,0.2742398736259424,0.0019170413261572032
12,0.282,0.7,6000,1004,1033.3698754124434,321.1125751877786,9.164933919906616,0.16733333333333333,0.17222831256874058,0.0019941643016680227
12,0.287,0.7,6000,1098,1122.4824902321056,353.48760703075845,9.332444906234741,0.183,0.18708041503868428,0.0019966432691349285
12,0.292,0.7,6000,1208,1223.2749245568084,395.781031208211,9.221118211746216,0.20133333333333334,0.2038791540928014,0.0020166334379436795
12,0.297,0.7,6000,1195,1241.473901365242,399.7263775949259,9.242413997650146,0.19916666666666666,0.206912316894207,0.001992164851392995
12,0.302,0.7,6000,1308,1333.134114478285,440.7171440116739,9.27977991104126,0.218,0.22218901907971417,0.0020037012399695244
12,0.307,0.7,6000,1437,1403.8055368616006,476.3435967495867,9.46801471710205,0.2395,0.2339675894769334,0.0020270617287044476
12,0.312,0.7,6000,1471,1502.172887424234,517.2716900584577,9.314273357391357,0.24516666666666667,0.250362147904039,0.001980516165221965
12,0.317,0.7,6000,1604,1576.6666244384949,552.7077463510227,9.27295732498169,0.2673333333333333,0.2627777707397491,0.0019608521052167107
12,0.345,0.8,6000,1112,1107.5005623244103,350.35032371650493,9.301765441894531,0.18533333333333332,0.18458342705406838,0.0020134850880414897
12,0.3529,0.8,6000,1155,1172.7626834779944,373.4019771980279,9.50449013710022,0.1925,0.1954604472463324,0.0020013696105800416
12,0.3607,0.8,6000,1256,1253.341183205072,409.85451271523675,9.380604982376099,0.20933333333333334,0.2088901972008453,0.0020280567044968635
12,0.3686,0.8,6000,1406,1350.9762592036375,450.2461475338283,9.325522899627686,0.23433333333333334,0.2251627098672729,0.0020143996822989934
12,0.3764,0.8,6000,1452,1400.4827601701563,474.36237706187524,9.345876932144165,0.242,0.2334137933616927,0.002024125091978927
12,0.3843,0.8,6000,1518,1467.8871054551496,498.5635412526256,9.510278701782227,0.253,0.2446478509091916,0.0019682998921270256
12,0.3921,0.8,6000,1540,1551.0096732150873,541.3649119651119,9.363642692565918,0.25666666666666665,0.25850161220251455,0.0019751921088038546
8,0.158,0.1,8000,1203,1197.8447976370387,359.0788879470661,6.830604076385498,0.150375,0.14973059970462985,0.0016758735430219432
8,0.162,0.1,8000,1326,1302.436316577243,394.04736797610053,7.048798561096191,0.16575,0.16280453957215538,0.0016864699475752278
8,0.166,0.1,8000,1435,1437.7811943646022,447.58856700090314,6.976073503494263,0.179375,0.17972264929557527,0.0017194220183454716
8,0.17,0.1,8000,1553,1559.2454430155308,495.6281968116724,6.946746587753296,0.194125,0.19490568037694134,0.0017309064242222213
8,0.174,0.1,8000,1715,1726.6061335166921,568.0689468490077,6.948503255844116,0.214375,0.21582576668958653,0.001747530781302926
8,0.178,0.1,8000,1804,1799.124546226203,593.3711556684676,7.01266622543335,0.2255,0.22489056827827536,0.001717504606256754
8,0.182,0.1,8000,1937,1956.0705093703666,666.5074433583565,6.8259055614471436,0.242125,0.24450881367129582,0.0017150733196186455
8,0.186,0.1,8000,2039,2108.882574903468,733.5382130861656,6.783103942871094,0.254875,0.26361032186293354,0.0016660075939350612
8,0.184,0.3,8000,1334,1354.1511042826664,413.85875946392923,6.8166234493255615,0.16675,0.1692688880353333,0.0016986492385682752
8,0.188,0.3,8000,1424,1451.611902340926,449.6025023892638,6.9489357471466064,0.178,0.18145148779261575,0.0017058201912507173
8,0.192,0.3,8000,1530,1552.4638386080837,492.6037035791908,6.793684959411621,0.19125,0.19405797982601047,0.001729159962504282
8,0.196,0.3,8000,1654,1668.961624502892,539.8635560988837,6.770832538604736,0.20675,0.2086202030628615,0.0017307350616943323
8,0.204,0.3,8000,1888,1894.0613042755986,636.9892019232336,6.9455177783966064,0.236,0.2367576630344498,0.001716551986745279
8,0.208,0.3,8000,1938,2012.0064707265483,688.2355999916554,6.823247671127319,0.24225,0.25150080884081855,0.00168744039177858
8,0.212,0.3,8000,2122,2150.822793616151,759.065409520184,6.781381845474243,0.26525,0.2688528492020189,0.001680927838441374
8,0.222,0.5,8000,1479,1526.618123881161,480.5642745982228,6.825697660446167,0.184875,0.19082726548514511,0.001719681888389429
8,0.226,0.5,8000,1561,1610.0094666347018,514.3845046557554,6.96208643913269,0.195125,0.20125118332933772,0.0017247825647529608
8,0.23,0.5,8000,1714,1684.4856995588075,546.2774320856258,6.809662103652954,0.21425,0.21056071244485094,0.00173031281015316
8,0.234,0.5,8000,1787,1803.6087696873992,596.5424981343592,6.775474309921265,0.223375,0.2254510962109249,0.001722737041273296
8,0.238,0.5,8000,1841,1875.6334458438573,631.2081651063339,6.797682285308838,0.230125,0.23445418073048216,0.001729712753700035
8,0.242,0.5,8000,1909,1952.326110618481,660.8167571952356,6.789341688156128,0.238625,0.2440407638273101,0.001697390695124409
8,0.246,0.5,8000,2010,2051.5686859125717,708.330135030581,6.9467384815216064,0.25125,0.25644608573907146,0.0016874359035182608
8,0.25,0.5,8000,2162,2134.569848114063,746.8209267291772,6.780075311660767,0.27025,0.26682123101425786,0.0016643999199515095
8,0.282,0.7,8000,1543,1558.6541407527639,492.51301246954813,6.808302879333496,0.192875,0.19483176759409548,0.0017178351147714753
8,0.287,0.7,8000,1646,1625.7092577547758,519.8217921895562,6.810199022293091,0.20575,0.20321365721934698,0.001720642836086329
8,0.292,0.7,8000,1696,1717.7965674128498,556.8008782370778,6.965313196182251,0.212,0.2147245709266062,0.0017137825660911387
8,0.297,0.7,8000,1831,1815.8454509356611,603.0627572503279,6.797796249389648,0.228875,0.22698068136695765,0.0017271941893664713
8,0.302,0.7,8000,1811,1875.2714436340607,627.3622574512402,6.811843395233154,0.226375,0.2344089304542576,0.00171302619519673
8,0.307,0.7,8000,2038,1943.3924235116338,657.1789600108652,6.797335147857666,0.25475,0.24292405293895422,0.0017006677650233937
8,0.312,0.7,8000,2038,2019.6128558138062,696.605869466189,6.777378082275391,0.25475,0.25245160697672575,0.0017083192826911058
8,0.317,0.7,8000,2098,2117.3123747755503,738.6091846151492,6.925798654556274,0.26225,0.2646640468469438,0.0016689021697640276
8,0.345,0.8,8000,1620,1634.8749280428424,526.6400609313341,6.795864105224609,0.2025,0.2043593660053553,0.0017345844576420418
8,0.3529,0.8,8000,1683,1713.8764235452695,560.2407599607436,6.789038896560669,0.210375,0.21423455294315868,0.0017369754029594223
8,0.3607,0.8,8000,1835,1777.061752929602,585.1984815431292,6.790295124053955,0.229375,0.22213271911620025,0.0017251754085137465
8,0.3686,0.8,8000,1822,1858.4764193285828,624.3046863134821,6.950042963027954,0.22775,0.23230955241607285,0.0017346961843605787
8,0.3764,0.8,8000,1980,1946.7318142228837,660.4212948109546,6.796449422836304,0.2475,0.24334147677786047,0.0017080875670642617
8,0.3843,0.8,8000,2010,2038.4336448548195,708.1457097288155,6.690209865570068,0.25125,0.2548042056068524,0.0017174101147754848
8,0.3921,0.8,8000,2104,2106.34943542943,738.2665522318819,6.574779510498047,0.263,0.2632936794286787,0.001694204375597868
24,0.3,0.68,4000,1033,995.9640058678903,341.6902848204403,31.257155895233154,0.25825,0.24899100146697256,0.0024203259269764132
24,0.3,0.67,4000,1071,1064.6730611990629,374.5066727709693,31.300544261932373,0.26775,0.2661682652997657,0.0023867770866231462
24,0.3,0.69,4000,963,927.0583310015945,311.7827107279521,30.133488178253174,0.24075,0.23176458275039863,0.002461550075323219
24,0.3,0.7,8000,1654,1670.6851187543105,546.5615989843081,50.891685485839844,0.20675,0.2088356398442888,0.0017575182884681211
24,0.3,0.71,4000,756,769.7122239832246,245.94354232089424,28.57091236114502,0.189,0.19242805599580615,0.002473026723828274
24,0.3,0.72,4000,700,693.8378683622107,216.42542877361478,30.430898189544678,0.175,0.17345946709055265,0.0024507231848065647
24,0.3,0.73,4000,633,623.8279117486308,190.5599555438971,28.648945808410645,0.15825,0.15595697793715768,0.0024147070592965
48,0.3,0.67,3000,902,899.3235687854217,334.97923976818123,109.50330758094788,0.3006666666666667,0.2997745229284739,0.002695814620782201
48,0.3,0.68,3000,784,801.0009252665919,280.8661446224604,110.00504970550537,0.2613333333333333,0.2670003084221973,0.00272887829743899
48,0.3,0.69,3000,690,719.246260032473,243.16666831225336,110.97102761268616,0.23,0.23974875334415766,0.0028038041236607193
48,0.3,0.7,6000,1260,1255.6034056807134,412.2261408603781,193.7116367816925,0.21,0.2092672342801189,0.0020377984071525595
48,0.3,0.71,3000,553,532.7277958143635,165.19556833444332,105.68940615653992,0.18433333333333332,0.17757593193812116,0.0028011797781929883
48,0.3,0.72,3000,469,462.87382283689783,141.57998973258265,100.46337294578552,0.15633333333333332,0.15429127427896594,0.0027925693686348192
48,0.3,0.73,3000,401,404.2894404123218,119.69652632529491,97.22580933570862,0.13366666666666666,0.13476314680410728,0.0026922719464001427
24,0.35,0.755,4000,1082,1068.8925052957957,378.23769466780396,22.906534433364868,0.2705,0.2672231263239489,0.0024060867439696224
24,0.35,0.765,4000,935,976.328448070323,334.8915846054009,21.664578437805176,0.23375,0.24408211201758076,0.0024572778108420627
24,0.35,0.775,4000,867,877.0113260556861,289.84529101947396,22.646533727645874,0.21675,0.21925283151392153,0.002469595995926233
24,0.35,0.785,4000,822,799.4492827825434,258.2651103258318,22.49509835243225,0.2055,0.19986232069563584,0.0024813044563000335
24,0.35,0.795,4000,701,708.8391029432935,222.9036661487545,21.713486194610596,0.17525,0.17720977573582336,0.0024662063019124845
24,0.35,0.805,4000,653,622.7049387068869,190.13110325826017,22.43743586540222,0.16325,0.15567623467672173,0.0024136855454551056
24,0.35,0.815,4000,521,526.954987222123,155.88980967317744,20.896979093551636,0.13025,0.13173874680553074,0.0023250140160102945
48,0.35,0.755,3000,868,898.7134617066738,331.6484145603946,95.84362316131592,0.28933333333333333,0.2995711539022246,0.0026339788099750405
48,0.35,0.765,3000,808,795.8182752365067,279.3324188205714,92.99436950683594,0.2693333333333333,0.2652727584121689,0.0027537097907813207
48,0.35,0.775,3000,726,691.9511266442075,234.2446279372869,90.88147735595703,0.242,0.23065037554806916,0.0028804075899764234
48,0.35,0.785,3000,587,572.1657487418773,183.3323333190253,90.43560910224915,0.19566666666666666,0.19072191624729246,0.0028719433893446204
48,0.35,0.795,3000,491,468.30175691245597,142.4302739303426,88.16285276412964,0.16366666666666665,0.15610058563748533,0.0027759125124717622
48,0.35,0.805,3000,330,366.65672494852544,107.30387373272028,88.32859230041504,0.11,0.12221890831617514,0.0026354912366241107
48,0.35,0.815,3000,274,281.38659997972957,77.63779184505759,88.12008237838745,0.09133333333333334,0.09379553332657652,0.0023865845653166518
24,0.4,0.81,4000,1033,1027.0436792126243,359.1148823798668,20.664777040481567,0.25825,0.2567609198031561,0.00244225895871145
24,0.4,0.83,4000,836,829.6757967175183,272.7193559089768,20.681071043014526,0.209,0.20741894917937959,0.0025081621446743697
24,0.4,0.85,4000,579,594.3274004968275,179.96630607744316,20.548160076141357,0.14475,0.14858185012420688,0.0023937805098921483
48,0.4,0.81,3000,842,831.1328253116964,296.2889110863905,88.3888247013092,0.2806666666666667,0.2770442751038988,0.0027090452758977823
48,0.4,0.83,3000,577,588.6328622812646,190.00720608177576,88.12764358520508,0.19233333333333333,0.19621095409375486,0.0028778046385945118
48,0.4,0.85,3000,341,341.25265684922545,97.4858447811898,86.66425943374634,0.11366666666666667,0.11375088561640848,0.0025535947512847113
24,0.45,0.825,4000,1194,1176.5501060888635,431.4310389001458,21.00383234024048,0.2985,0.29413752652221586,0.002310098037387783
24,0.45,0.835,4000,1051,1077.4174579804744,383.14530359659545,21.233238697052002,0.26275,0.2693543644951186,0.0024104129478763033
24,0.45,0.845,4000,979,939.2201319979952,316.6190531958548,22.223031520843506,0.24475,0.2348050329994988,0.0024508858918115034
24,0.45,0.855,4000,827,827.7366877923312,271.4096704095102,21.637399435043335,0.20675,0.20693417194808278,0.0025018455844569693
24,0.45,0.865,4000,731,698.4445336445671,215.9107081943925,21.011154413223267,0.18275,0.17461113341114176,0.002423556413783542
24,0.45,0.875,4000,563,563.3408963674967,165.0700190805802,21.490403413772583,0.14075,0.14083522409187418,0.0023150758087553485
24,0.45,0.885,4000,467,454.53862431485516,129.12983594169677,20.87261986732483,0.11675,0.11363465607871379,0.0022008218658140914
48,0.45,0.825,3000,1054,1016.9026745921718,396.83848824078257,88.99747109413147,0.35133333333333333,0.3389675581973906,0.0024073696571587336
48,0.45,0.835,3000,876,907.7495926240811,338.95388777947875,94.43044805526733,0.292,0.30258319754136037,0.002673024684163023
48,0.45,0.845,3000,774,746.7248782552812,258.78704492296816,99.49422264099121,0.258,0.24890829275176038,0.002846934910006539
48,0.45,0.855,3000,624,603.5683837810126,196.01685293248028,100.64370918273926,0.208,0.20118946126033752,0.002879238421826062
48,0.45,0.865,3000,472,472.5565101373097,144.4984759463994,97.78698635101318,0.15733333333333333,0.15751883671243658,0.0027905651747483617
48,0.45,0.875,3000,324,316.0248880428655,90.5794701883165,85.40052604675293,0.108,0.10534162934762183,0.0025234015013445694
48,0.45,0.885,3000,230,209.27068024624526,55.32977275626863,85.1837546825409,0.07666666666666666,0.06975689341541509,0.0021277343709531845
24,0.475,0.832,4000,1172,1207.5811697675408,449.5298916753002,20.192936420440674,0.293,0.3018952924418852,0.002304724336798346
24,0.475,0.842,4000,1070,1094.591145549838,391.0240635777983,20.03846049308777,0.2675,0.2736477863874595,0.002391580259777615
24,0.475,0.852,4000,1005,953.1136404245676,323.4422474591414,20.146703243255615,0.25125,0.2382784101061419,0.002454077404952017
24,0.475,0.862,4000,854,831.0410487221224,273.30290496981917,19.934298992156982,0.2135,0.2077602621805306,0.002508370567920438
24,0.475,0.872,4000,719,709.0865907077424,222.2467105451112,20.117659330368042,0.17975,0.1772716476769356,0.0024567496914230254
24,0.475,0.882,4000,613,607.8273070954715,185.77402694098163,19.96718955039978,0.15325,0.15195682677386788,0.002416530009608274
24,0.475,0.892,4000,460,457.4495613681544,131.3430546809405,20.16752290725708,0.115,0.1143623903420386,0.002222720620796079
48,0.475,0.832,3000,1025,1038.4941111542983,409.3123036028135,83.21056771278381,0.3416666666666667,0.34616470371809943,0.0023532226194964007
48,0.475,0.842,3000,884,905.2702319184993,334.3008461597524,82.33054041862488,0.2946666666666667,0.30175674397283314,0.002606611931176682
48,0.475,0.852,3000,752,768.6584411391752,268.445866768362,81.53821396827698,0.25066666666666665,0.2562194803797251,0.0028190708057564844
48,0.475,0.862,3000,599,619.7086068260954,204.1011587495036,80.99590349197388,0.19966666666666666,0.20656953560869848,0.0029081038272067896
48,0.475,0.872,3000,492,463.02769273646106,140.16704900450762,79.66899299621582,0.164,0.154342564245487,0.002763352954283791
48,0.475,0.882,3000,349,338.54684975044034,98.82283823261544,85.15192914009094,0.11633333333333333,0.11284894991681345,0.0025956886163793613
48,0.475,0.892,3000,223,212.97795329014582,57.3528091127195,85.38890337944031,0.07433333333333333,0.07099265109671528,0.0021665903044015456
24,0.5,0.85,4000,1076,1059.2844660598303,374.74978700014697,19.844116926193237,0.269,0.26482111651495754,0.0024270925907478313
24,0.5,0.87,4000,769,777.0784194767175,248.27316575219493,19.886906623840332,0.19225,0.19426960486917938,0.0024664597850914335
24,0.5,0.89,4000,510,513.2874525391112,149.6939037331132,19.803245306015015,0.1275,0.1283218631347778,0.002289225629382121
48,0.5,0.85,3000,903,874.6432531726493,320.2399528090433,84.88285899162292,0.301,0.29154775105754976,0.0026928182919255233
48,0.5,0.87,3000,547,556.2129956042281,177.48644925551378,83.49967074394226,0.18233333333333332,0.18540433186807603,0.0028749289088382183
48,0.5,0.89,3000,275,278.15343402448366,79.11881963326638,82.87174487113953,0.09166666666666666,0.09271781134149455,0.0024346303458444084
24,0.288,0.7,4000,671,662.7036572539897,203.90187054395213,20.16057276725769,0.16775,0.16567591431349743,0.0024255330477515875
24,0.294,0.7,4000,756,740.8806383430708,234.4670425183913,19.819448471069336,0.189,0.1852201595857677,0.00246557965779193
24,0.306,0.7,4000,899,925.0752502045423,312.9215918334628,20.081592321395874,0.22475,0.23126881255113557,0.0024875350314159366
24,0.318,0.7,4000,1106,1122.7992701452151,405.4872224632699,20.549945831298828,0.2765,0.2806998175363038,0.0023761872988562202
48,0.288,0.7,3000,429,426.05420331406606,126.0857790225175,86.4298369884491,0.143,0.14201806777135537,0.002699799396916997
48,0.294,0.7,3000,529,529.5861605932486,165.23712137462536,86.16845774650574,0.17633333333333334,0.1765287201977495,0.0028239821929903312
48,0.306,0.7,3000,765,736.7921929262949,252.80696340974816,84.34843444824219,0.255,0.2455973976420983,0.002826003796419709
48,0.318,0.7,3000,958,958.7473281505405,363.79380584493254,86.02582812309265,0.31933333333333336,0.3195824427168468,0.0025257370939530985
24,0.354,0.8,4000,734,710.4392350053215,222.2938963773202,20.466026782989502,0.1835,0.17760980875133037,0.0024512363456666224
24,0.36,0.8,4000,759,757.292640992247,242.4959645656835,20.109805583953857,0.18975,0.18932316024806176,0.0024893236464612447
24,0.366,0.8,4000,841,832.0939016123887,272.5544519386249,20.35875368118286,0.21025,0.20802347540309715,0.00249354488790463
24,0.372,0.8,4000,841,858.6523667634799,281.6569220439693,20.192412853240967,0.21025,0.21466309169086997,0.0024667829553316092
24,0.378,0.8,4000,909,925.3527475405112,312.26825964567706,20.156620264053345,0.22725,0.2313381868851278,0.002477692836184069
24,0.384,0.8,4000,984,988.9572552928939,339.13853528697456,20.081889629364014,0.246,0.24723931382322348,0.0024322454306566293
24,0.39,0.8,4000,1044,1045.949897231198,366.988684608089,20.26292133331299,0.261,0.2614874743077995,0.002417504718775924
48,0.354,0.8,3000,490,480.71858539483105,149.035437762437,84.8243842124939,0.16333333333333333,0.1602395284649437,0.0028290031241973374
48,0.36,0.8,3000,523,538.7287820184279,170.93151706037554,85.58231043815613,0.17433333333333334,0.1795762606728093,0.0028715724429032837
48,0.366,0.8,3000,604,597.3578573747038,191.63475708722987,84.86070585250854,0.20133333333333334,0.19911928579156793,0.002842407528183466
48,0.372,0.8,3000,647,665.0831023811967,219.92340442081223,85.63608241081238,0.21566666666666667,0.2216943674603989,0.002838277924582374
48,0.378,0.8,3000,708,746.4587939595691,255.3853041141199,84.36874556541443,0.236,0.24881959798652303,0.0027823841110261884
48,0.384,0.8,3000,843,809.1838085816721,284.68492166178174,83.89953279495239,0.281,0.2697279361938907,0.00271717975050367
48,0.39,0.8,3000,899,869.584786470519,317.85944899246493,82.89460873603821,0.2996666666666667,0.289861595490173,0.0027043618284138243
16,0.3,0.67,4000,998,1035.6145546683547,362.74113641374277,9.411938667297363,0.2495,0.25890363866708865,0.0024320826987702816
16,0.3,0.68,4000,933,961.0424589654347,326.23100014704784,9.372084856033325,0.23325,0.24026061474135865,0.0024412367090030297
16,0.3,0.69,4000,891,908.574474898832,305.6661510686666,9.521105527877808,0.22275,0.227143618724708,0.0024914113154070757
16,0.3,0.7,8000,1687,1723.1874675686377,568.3740475756854,18.32406997680664,0.210875,0.2153984334460797,0.0017554683308520574
16,0.3,0.71,4000,799,804.227471370039,258.6559262823275,9.404651880264282,0.19975,0.20105686784250976,0.0024620204613636752
16,0.3,0.72,4000,724,747.6780721692253,237.433864163486,9.417375087738037,0.181,0.18691951804230633,0.0024711164598345764
16,0.3,0.73,4000,657,689.9191135058952,213.67179917278565,9.52207350730896,0.16425,0.1724797783764738,0.0024328272900589424
32,0.3,0.67,4000,1094,1096.1221500466118,389.54896095307447,35.704511404037476,0.2735,0.27403053751165296,0.0023611480136411134
32,0.3,0.68,4000,1020,1020.5572993609964,352.4229781670469,35.88749170303345,0.255,0.2551393248402491,0.0023987196229266245
32,0.3,0.69,4000,927,921.9753832401846,311.65254839211156,35.963518381118774,0.23175,0.23049384581004614,0.002489574367349423
32,0.3,0.7,8000,1686,1685.8183442291454,552.1194154433381,69.9736840724945,0.21075,0.21072729302864318,0.0017539958453721889
32,0.3,0.71,4000,736,744.0769123674759,233.85293374650217,36.01771831512451,0.184,0.18601922809186897,0.0024426444035313896
32,0.3,0.72,4000,643,657.0265544727163,202.69730415562572,35.73260951042175,0.16075,0.16425663861817907,0.0024341326848947155
32,0.3,0.73,4000,601,582.8226112631507,175.10787915833325,34.75804281234741,0.15025,0.14570565281578768,0.0023744720805249347
64,0.3,0.67,3000,989,951.6802802035115,359.6622819751944,152.88012385368347,0.32966666666666666,0.3172267600678372,0.0025338396664208243
64,0.3,0.68,3000,778,834.0333314118421,298.03910765867266,152.81356549263,0.25933333333333336,0.27801111047061405,0.0027119209790509627
64,0.3,0.69,3000,731,746.7770374721612,258.353639134917,152.01249074935913,0.24366666666666667,0.24892567915738706,0.0028379534849168535
64,0.3,0.7,6000,1314,1296.601155318882,427.2740670696637,314.66276144981384,0.219,0.21610019255314702,0.002021432556368682
64,0.3,0.71,3000,540,529.2330899063647,166.72113841306512,151.8308413028717,0.18,0.17641102996878824,0.002855463475594741
64,0.3,0.72,3000,428,450.7725189486722,137.68587001803533,152.76677918434143,0.14266666666666666,0.15025750631622406,0.0027884133511526196
64,0.3,0.73,3000,336,349.9991741458707,99.76670421480213,154.53618574142456,0.112,0.1166663913819569,0.0025593665590464844
16,0.35,0.755,4000,1082,1056.094743612562,372.8736269314833,9.697922468185425,0.2705,0.2640236859031405,0.0024246535298744517
16,0.35,0.765,4000,968,978.9655827290204,332.379616836305,9.713828325271606,0.242,0.24474139568225511,0.002408441095246434
16,0.35,0.775,4000,866,887.7491455449655,295.1779830506484,9.314814567565918,0.2165,0.22193728638624136,0.0024771189309544498
16,0.35,0.785,4000,833,831.0173087411345,271.246897177178,8.932489156723022,0.20825,0.2077543271852836,0.0024827418229169487
16,0.35,0.795,4000,774,762.5085262912127,243.898963540393,8.929969310760498,0.1935,0.19062713157280317,0.002482045433858896
16,0.35,0.805,4000,658,683.9909886997291,211.61699773859613,8.904682159423828,0.1645,0.17099774717493227,0.0024325879932744466
16,0.35,0.815,4000,646,617.7323191000306,188.0610775527206,9.026149034500122,0.1615,0.15443307977500764,0.0024068384932790466
32,0.35,0.755,4000,1179,1119.8030913475354,402.22020001051,33.490636110305786,0.29475,0.27995077283688385,0.0023552155862636404
32,0.35,0.765,4000,1002,1006.2560606047939,346.88356654868716,33.71045923233032,0.2505,0.2515640151511985,0.002420862371800728
32,0.35,0.775,4000,903,879.3155123906616,291.8421731155164,33.68938875198364,0.22575,0.2198288780976654,0.002482033849750652
32,0.35,0.785,4000,775,792.4069025537972,254.99567437801463,33.647748708724976,0.19375,0.1981017256384493,0.0024754167619674495
32,0.35,0.795,4000,649,670.9766069459179,206.18546928079513,33.71090793609619,0.16225,0.16774415173647947,0.002419406973232793
32,0.35,0.805,4000,600,569.8404496000667,170.9532768180681,33.74473857879639,0.15,0.14246011240001666,0.002369021308549799
32,0.35,0.815,4000,434,448.24822098802383,127.7683405361061,33.7472460269928,0.1085,0.11206205524700595,0.0022016487097675647
64,0.35,0.755,3000,951,950.9356592663481,361.6346992180727,158.5175371170044,0.317,0.3169785530887827,0.0025869021811163765
64,0.35,0.765,3000,797,834.6959010662082,298.6355372097471,158.50606632232666,0.26566666666666666,0.27823196702206937,0.0027165867947824642
64,0.35,0.775,3000,697,699.7295726115105,237.198857454705,158.89494824409485,0.23233333333333334,0.23324319087050352,0.002867758925946543
64,0.35,0.785,3000,566,580.7563493191146,186.2232388139572,154.49433755874634,0.18866666666666668,0.1935854497730382,0.0028639884196590935
64,0.35,0.795,3000,460,449.6931965719766,135.37942973522482,150.72963166236877,0.15333333333333332,0.14989773219065888,0.0027486179171212636
64,0.35,0.805,3000,328,330.05453138329887,94.2227146290481,151.57828760147095,0.10933333333333334,0.11001817712776629,0.0025370592500069526
64,0.35,0.815,3000,225,234.4963857821844,64.61968243612947,150.1597981452942,0.075,0.0781654619273948,0.0022682739233203073
16,0.4,0.81,4000,995,1002.7332612456752,348.2262987365809,8.965458393096924,0.24875,0.2506833153114188,0.0024607166250367866
16,0.4,0.83,4000,840,837.0539313397604,271.7228431071293,8.972204446792603,0.21,0.20926348283494012,0.002456905671472328
16,0.4,0.85,4000,675,669.1489301318181,206.8061546121329,8.960933208465576,0.16875,0.16728723253295452,0.002435284947253234
32,0.4,0.81,4000,1062,1060.9036618904383,373.2971611196498,33.56100845336914,0.2655,0.2652259154726096,0.002397146759911517
32,0.4,0.83,4000,821,809.784907812226,262.1689231666059,33.57764673233032,0.20525,0.2024462269530565,0.0024780989164257853
32,0.4,0.85,4000,552,535.2729974337977,159.15398833408324,33.60590958595276,0.138,0.13381824935844944,0.0023391582291169134
64,0.4,0.81,3000,883,882.0126236051096,322.27373844183984,154.59666085243225,0.29433333333333334,0.2940042078683699,0.002645316801272563
64,0.4,0.83,3000,576,584.763036405315,187.4845692130228,159.3927686214447,0.192,0.19492101213510502,0.002858252673745165
64,0.4,0.85,3000,310,293.738744369493,81.24662243432023,147.24334454536438,0.10333333333333333,0.09791291478983101,0.0024153055221670158
16,0.45,0.825,4000,1107,1131.191296442349,408.76516230557024,8.980613470077515,0.27675,0.2827978241105873,0.0023570233777963135
16,0.45,0.835,4000,1033,1056.891259752911,372.3056424885232,8.950866222381592,0.25825,0.26422281493822775,0.002411873329033116
16,0.45,0.845,4000,962,952.695409163284,323.5315874969572,8.950024127960205,0.2405,0.238173852290821,0.002457750673764726
16,0.45,0.855,4000,819,859.4877084622615,285.40298084770643,8.95024847984314,0.20475,0.21487192711556538,0.0025093374087496044
16,0.45,0.865,4000,771,765.4613532622221,244.5526347507345,8.992340564727783,0.19275,0.19136533831555552,0.0024760652696504274
16,0.45,0.875,4000,695,673.5058263709686,210.53586223187165,8.946458101272583,0.17375,0.16837645659274217,0.0024642142142544173
32,0.45,0.825,4000,1275,1248.0434384051373,469.21782945574364,33.52642846107483,0.31875,0.31201085960128433,0.00223375639464301
16,0.45,0.885,4000,559,560.2064195001218,165.2543263077053,8.960517406463623,0.13975,0.14005160487503046,0.002329407418624778
32,0.45,0.835,4000,1084,1100.7370866661336,391.95035334527665,33.48037314414978,0.271,0.27518427166653336,0.0023593840115903597
32,0.45,0.845,4000,943,952.9849736402815,324.13256586735656,33.45229911804199,0.23575,0.2382462434100704,0.0024636324021879634
32,0.45,0.855,4000,807,797.6128110289856,255.66612402758793,33.437496185302734,0.20175,0.19940320275724638,0.002457688648432817
32,0.45,0.865,4000,654,657.1931628167206,201.4271743374667,33.45718288421631,0.1635,0.16429829070418014,0.002417059547927482
32,0.45,0.875,4000,536,514.7330360437146,151.94306780207808,33.466556549072266,0.134,0.12868325901092864,0.002314721567315385
32,0.45,0.885,4000,396,394.02853455511865,111.23328235129266,33.46392011642456,0.099,0.09850713363877966,0.0021277448453833597
64,0.45,0.825,3000,1091,1098.9928757954299,444.23766378817317,146.91265153884888,0.3636666666666667,0.36633095859847664,0.0021513932329142904
64,0.45,0.835,3000,945,933.5592994884238,348.91608581050906,149.68439555168152,0.315,0.3111864331628079,0.0025478656015947556
64,0.45,0.845,3000,790,776.637783973888,270.4366966531085,148.67524552345276,0.2633333333333333,0.2588792613246293,0.002776977086016779
64,0.45,0.855,3000,574,593.969086834787,190.8671592741525,152.4250922203064,0.19133333333333333,0.19798969561159568,0.0028536882797030056
64,0.45,0.865,3000,437,438.6990592323795,133.0500278761727,158.03717684745789,0.14566666666666667,0.1462330197441265,0.0027672833300067656
64,0.45,0.875,3000,269,283.1247491443533,79.02453255810079,160.21724700927734,0.08966666666666667,0.0943749163814511,0.002411133867237578
64,0.45,0.885,3000,176,168.8937766066701,43.792252792427554,159.93460202217102,0.058666666666666666,0.056297925535556695,0.001952073407811828
16,0.475,0.832,4000,1144,1141.1013342239535,413.50663078246197,9.037367582321167,0.286,0.2852753335559884,0.0023452154376295557
16,0.475,0.842,4000,1061,1053.808298504265,373.0940127028428,8.951744079589844,0.26525,0.26345207462606623,0.0024429733763310746
16,0.475,0.852,4000,924,969.7953174159036,332.6477199951342,8.935163021087646,0.231,0.2424488293539759,0.0024691391106830196
16,0.475,0.862,4000,864,856.1427237128623,283.57733407019674,8.965404987335205,0.216,0.2140356809282156,0.002504462673929748
16,0.475,0.872,4000,761,761.8643996618026,242.84618095433024,9.049552917480469,0.19025,0.19046609991545066,0.002471857606214683
16,0.475,0.882,4000,653,670.625902087752,208.69371690860447,8.947097778320312,0.16325,0.16765647552193802,0.0024530976912363104
16,0.475,0.892,4000,596,562.8294126519039,169.90708097993615,8.935432434082031,0.149,0.14070735316297597,0.002381379956104702
32,0.475,0.832,4000,1259,1269.2292384487578,477.3094302094824,33.58239960670471,0.31475,0.31730730961218945,0.002159171764922559
32,0.475,0.842,4000,1106,1131.3678989256828,407.65076344011266,33.596928358078,0.2765,0.2828419747314207,0.0023408645751632983
32,0.475,0.852,4000,957,985.6719534296667,339.54556852235703,33.598379135131836,0.23925,0.24641798835741668,0.002458180719400149
32,0.475,0.862,4000,839,832.7882683131172,273.8073520502147,33.58820080757141,0.20975,0.2081970670782793,0.0025055985959886095
32,0.475,0.872,4000,657,674.3514912702445,209.03627716492,33.561941623687744,0.16425,0.16858787281756113,0.0024414728761489855
32,0.475,0.882,4000,534,512.2724282310671,150.90826394788246,33.56685924530029,0.1335,0.12806810705776678,0.0023092725413688896
32,0.475,0.892,4000,413,394.7351585745358,113.11282425118459,33.591902017593384,0.10325,0.09868378964363395,0.0021531576702787138
64,0.475,0.832,3000,1092,1125.1308106902707,461.6178525228808,155.13350248336792,0.364,0.37504360356342353,0.0020991521600858872
64,0.475,0.842,3000,963,972.5745662338593,372.3401247882209,156.50775504112244,0.321,0.3241915220779531,0.0025179073188829845
64,0.475,0.852,3000,817,801.4278194183196,283.7567419051597,155.59196257591248,0.2723333333333333,0.2671426064727732,0.002782573818070797
64,0.475,0.862,3000,615,617.9115069356536,205.0283274459071,156.58155989646912,0.205,0.20597050231188455,0.00293981691698637
64,0.475,0.872,3000,429,430.1699601180072,129.35578259101604,162.39954471588135,0.143,0.14338998670600242,0.002742591701213614
64,0.475,0.882,3000,273,279.8182123255601,77.72417387672732,161.94301629066467,0.091,0.09327273744185338,0.002395411753504396
64,0.475,0.892,3000,152,162.6956499017336,42.61723021716206,161.97598457336426,0.050666666666666665,0.05423188330057786,0.0019380748500782672
16,0.5,0.85,4000,1035,1028.0887313385501,358.49158215596776,8.88427472114563,0.25875,0.2570221828346375,0.002427364062424591
16,0.5,0.87,4000,829,820.1606507174326,266.45434667502207,8.918663740158081,0.20725,0.20504016267935815,0.002478823456950322
16,0.5,0.89,4000,560,619.2033248988017,185.5148076699794,8.88426947593689,0.14,0.15480083122470042,0.002367541436917852
32,0.5,0.85,4000,1066,1098.1310667799391,389.64800614602757,33.81673240661621,0.2665,0.2745327666949848,0.0023478327168779717
32,0.5,0.87,4000,792,772.6136453054035,246.4803989423616,34.173418283462524,0.198,0.19315341132635086,0.002465661113845141
32,0.5,0.89,4000,433,454.96504569683793,128.85908351904368,34.153945446014404,0.10825,0.11374126142420948,0.0021955931407384097
64,0.5,0.85,3000,961,922.1129287367396,343.752096777237,166.21032452583313,0.32033333333333336,0.30737097624557985,0.002589325512401982
64,0.5,0.87,3000,564,557.703965039086,178.6602582256411,165.01448822021484,0.188,0.18590132167969534,0.0028868929178275425
64,0.5,0.89,3000,212,223.7631927290815,60.422380312742554,166.39920258522034,0.07066666666666667,0.07458773090969384,0.002204716505599909
16,0.288,0.7,4000,706,724.8230321954129,230.616243118797,9.000563859939575,0.1765,0.18120575804885322,0.002491221598668683
16,0.294,0.7,4000,823,793.585555315801,255.83450195102847,8.87396240234375,0.20575,0.19839638882895025,0.0024801032891652937
16,0.306,0.7,4000,892,922.2172031377404,311.3909906247474,8.891093254089355,0.223,0.2305543007844351,0.002484886149563163
16,0.318,0.7,4000,1065,1080.9502361380914,384.0321691180271,8.881746768951416,0.26625,0.27023755903452285,0.0023971571876470602
32,0.288,0.7,4000,629,633.0153467495016,192.10317238770156,33.84740471839905,0.15725,0.15825383668737542,0.0023972517121916143
32,0.294,0.7,4000,751,726.6477865991483,226.96278948655083,34.04280495643616,0.18775,0.18166194664978708,0.002436471367765973
32,0.306,0.7,4000,931,959.1379734625036,327.49124837604984,34.09562277793884,0.23275,0.2397844933656259,0.0024689220528150255
32,0.318,0.7,4000,1139,1156.781464649843,420.5221895460456,34.128421783447266,0.28475,0.2891953661624607,0.002318510462961
64,0.282,0.7,3000,288,278.08299321604903,76.0933688431289,163.80877590179443,0.096,0.09269433107201634,0.0023648685567028084
64,0.288,0.7,3000,419,396.0409281159303,116.75135118079969,163.93194389343262,0.13966666666666666,0.1320136427053101,0.002676856412547791
64,0.294,0.7,3000,530,519.2518849153815,163.2187956496247,161.32423615455627,0.17666666666666667,0.17308396163846052,0.0028551917366983026
64,0.306,0.7,3000,792,782.9602888157792,273.866609654601,164.7517762184143,0.264,0.2609867629385931,0.0027798385419553276
64,0.312,0.7,3000,920,892.8878440300201,329.1737429693969,166.5943262577057,0.30666666666666664,0.29762928134334005,0.0026550857712007688
64,0.318,0.7,3000,955,999.0935865860924,386.2137396464359,164.35932326316833,0.31833333333333336,0.3330311955286975,0.0024381742290613254
16,0.354,0.8,4000,713,758.9694153941709,242.27294909587795,9.008757829666138,0.17825,0.18974235384854274,0.00247851868486275
16,0.366,0.8,4000,819,830.203348247607,270.85014004107774,8.92088794708252,0.20475,0.20755083706190175,0.002482002486980962
16,0.372,0.8,4000,882,889.5705409273216,294.8206084639426,9.056026935577393,0.2205,0.22239263523183042,0.002462353096806032
16,0.378,0.8,4000,907,922.3109170206985,311.6964590719728,8.938840866088867,0.22675,0.23057772925517464,0.0024881829009173037
16,0.384,0.8,4000,958,969.4182387154751,333.0302477630951,8.94968318939209,0.2395,0.2423545596788688,0.002476285592069748
16,0.39,0.8,4000,1023,1014.8013342925324,350.7625471984038,8.911381006240845,0.25575,0.2537003335731331,0.0024151920574333337
32,0.354,0.8,4000,696,673.1154195770994,208.21518588098257,34.271490812301636,0.174,0.16827885489427485,0.002436286054400021
32,0.366,0.8,4000,781,812.0335527084551,263.17273710039296,33.64612126350403,0.19525,0.20300838817711378,0.002479260239273127
32,0.372,0.8,4000,854,883.2030353450884,292.8224327692496,33.94744062423706,0.2135,0.22080075883627212,0.0024727893044385594
32,0.378,0.8,4000,979,969.904752583142,331.3743367609188,33.95785903930664,0.24475,0.2424761881457855,0.002452289547369125
32,0.384,0.8,4000,1028,1021.5941280652885,353.78394103630893,34.012863874435425,0.257,0.2553985320163221,0.0024095321614486685
32,0.39,0.8,4000,1109,1084.1162861159432,385.17022784540995,33.95883250236511,0.27725,0.2710290715289858,0.0023896396027915804
64,0.354,0.8,3000,412,434.19379171359805,130.89251323416053,162.86300897598267,0.13733333333333334,0.14473126390453267,0.0027502280358524143
64,0.36,0.8,3000,516,517.2742515263177,161.64456119370607,162.88952708244324,0.172,0.17242475050877257,0.0028377972033989773
64,0.366,0.8,3000,605,597.6596792614953,194.23050211847382,161.95390844345093,0.20166666666666666,0.1992198930871651,0.0028904030476892867
64,0.372,0.8,3000,659,683.1871668551257,229.35543887983042,162.3140218257904,0.21966666666666668,0.22772905561837525,0.0028635345302098314
64,0.378,0.8,3000,764,755.0495752249102,261.1829674102323,162.99629426002502,0.25466666666666665,0.2516831917416367,0.002812144394560996
64,0.384,0.8,3000,867,855.0969476549005,309.7610019582439,162.35554933547974,0.289,0.28503231588496686,0.0027090948928750916
64,0.39,0.8,3000,911,917.7230923596682,342.07465272980437,162.60086917877197,0.30366666666666664,0.3059076974532227,0.002611013996913061
