L,p,q,n,risk,se,confirmation_start,confirmation_n,risk_confirmation,se_confirmation,status
16,0.0,0,0,0.0,0.0,,,,,analytic_deterministic_prior
16,0.0,0.1,0,0.0,0.0,,,,,analytic_deterministic_prior
16,0.0,0.2,0,0.0,0.0,,,,,analytic_deterministic_prior
16,0.0,0.3,0,0.0,0.0,,,,,analytic_deterministic_prior
16,0.0,0.4,0,0.0,0.0,,,,,analytic_deterministic_prior
16,0.0,0.5,0,0.0,0.0,,,,,analytic_deterministic_prior
16,0.0,0.6,0,0.0,0.0,,,,,analytic_deterministic_prior
16,0.0,0.7,0,0.0,0.0,,,,,analytic_deterministic_prior
16,0.0,0.8,0,0.0,0.0,,,,,analytic_deterministic_prior
16,0.0,0.85,0,0.0,0.0,,,,,analytic_deterministic_prior
16,0.0,0.9,0,0.0,0.0,,,,,analytic_deterministic_prior
16,0.0,0.95,0,0.0,0.0,,,,,analytic_deterministic_prior
16,0.0,1,0,0.0,0.0,,,,,analytic_deterministic_prior
16,0.05,0,256,1.2798405564506954e-11,1.2210567829439415e-11,,,,,passed
16,0.05,0.1,256,1.4667073978957834e-12,1.4610732654521541e-12,,,,,passed
16,0.05,0.2,256,1.2620113287731272e-16,5.935789302477736e-17,,,,,passed
16,0.05,0.3,256,8.623310399080708e-15,8.59546429788828e-15,,,,,passed
16,0.05,0.4,256,1.1709383462843448e-17,6.927351368791563e-18,,,,,passed
16,0.05,0.5,256,4.7704895589362195e-18,1.6562018425268667e-18,,,,,passed
16,0.05,0.6,256,0.0,0.0,,,,,passed
16,0.05,0.7,256,3.0357660829594124e-18,1.2896547064502725e-18,,,,,passed
16,0.05,0.8,256,3.903127820947816e-18,1.5475379879263945e-18,,,,,passed
16,0.05,0.85,256,8.673617379884035e-19,6.121136022809771e-19,,,,,passed
16,0.05,0.9,256,2.168404344971009e-18,1.1416117997941867e-18,,,,,passed
16,0.05,0.95,256,0.0,0.0,,,,,passed
16,0.05,1,256,4.336808689942018e-19,4.336808689942018e-19,,,,,passed
16,0.1,0,256,0.0014922653077322772,0.0008635272737097372,,,,,passed
16,0.1,0.1,768,0.0012235073510552146,0.0006014765538260168,256,512,0.0010227204557562482,0.0005354738976707936,passed
16,0.1,0.2,256,0.00013712210432617177,8.616688394391619e-05,,,,,passed
16,0.1,0.3,256,5.813427026304854e-06,3.668366990714082e-06,,,,,passed
16,0.1,0.4,256,3.4904933278716993e-07,1.271277403944035e-07,,,,,passed
16,0.1,0.5,256,0.0002946261727755288,0.00029452538913284245,,,,,passed
16,0.1,0.6,256,2.7157278457284884e-09,1.8491187958243215e-09,,,,,passed
16,0.1,0.7,256,7.670809300253101e-12,4.608344134883538e-12,,,,,passed
16,0.1,0.8,256,3.2309899981181056e-11,3.193923872471254e-11,,,,,passed
16,0.1,0.85,256,1.1401833388026417e-09,1.1401093081464772e-09,,,,,passed
16,0.1,0.9,256,4.8093039967112006e-14,4.49042302039615e-14,,,,,passed
16,0.1,0.95,256,2.0816681711721685e-17,1.529522288966999e-17,,,,,passed
16,0.1,1,256,4.336808689942018e-19,4.336808689942018e-19,,,,,passed
16,0.1125,0.1,768,0.001794298658101924,0.0004990361441823067,0,768,0.001794298658101924,0.0004990361441823067,passed
16,0.125,0.1,768,0.012564476610503339,0.0019212887327759252,0,768,0.012564476610503339,0.0019212887327759252,passed
16,0.125,0.6,768,0.00023004310997120454,0.00020600018521218402,0,768,0.00023004310997120454,0.00020600018521218402,passed
16,0.1375,0.1,768,0.03655265343762817,0.003204465637625274,0,768,0.03655265343762817,0.003204465637625274,passed
16,0.15,0,768,0.1165748678502971,0.00520350137922832,256,512,0.11601255518288166,0.006320493222430239,passed
16,0.15,0.1,768,0.07487286586042861,0.00433389672319761,256,512,0.08137246291272872,0.005510641409350557,passed
16,0.15,0.2,768,0.04959147966003763,0.0037832661185146963,256,512,0.04712987294475003,0.004541480619022417,passed
16,0.15,0.3,768,0.026474973455154534,0.00279615128159758,256,512,0.025809213168550404,0.0033866104243322126,passed
16,0.15,0.4,256,0.015123506941037628,0.004299941077499308,,,,,passed
16,0.15,0.5,256,0.003446330551639155,0.0014267016608715429,,,,,passed
16,0.15,0.6,768,0.0012696358358545404,0.0004548246986392045,256,512,0.0016615906905550093,0.000672761293907231,passed
16,0.15,0.7,256,0.00023931590233722266,0.00021404085908667376,,,,,passed
16,0.15,0.8,256,2.519576647130959e-05,2.41464604898158e-05,,,,,passed
16,0.15,0.85,256,2.5479510358354662e-08,1.3429388884741533e-08,,,,,passed
16,0.15,0.9,256,2.0037754043262385e-08,1.9710747738789455e-08,,,,,passed
16,0.15,0.95,256,4.03687918900178e-09,4.024669793630582e-09,,,,,passed
16,0.15,1,256,4.7704895589362195e-18,1.5379763394670667e-18,,,,,passed
16,0.1625,0,768,0.1888024820806269,0.005690166652417346,0,768,0.1888024820806269,0.005690166652417346,passed
16,0.1625,0.1,768,0.1373598727262231,0.005323414343404572,0,768,0.1373598727262231,0.005323414343404572,passed
16,0.1625,0.2,768,0.09070930870839274,0.004689489977845765,0,768,0.09070930870839274,0.004689489977845765,passed
16,0.1625,0.3,768,0.054602494618919827,0.003849589287023192,0,768,0.054602494618919827,0.003849589287023192,passed
16,0.1625,0.6,768,0.0036733587854154673,0.0009660778867276783,0,768,0.0036733587854154673,0.0009660778867276783,passed
16,0.175,0,768,0.26510264524478083,0.0054441280786441774,0,768,0.26510264524478083,0.0054441280786441774,passed
16,0.175,0.1,768,0.206627028796293,0.005599339454293148,0,768,0.206627028796293,0.005599339454293148,passed
16,0.175,0.2,768,0.15127450488824687,0.005464212514274336,0,768,0.15127450488824687,0.005464212514274336,passed
16,0.175,0.3,768,0.09479148285137147,0.004743465785303023,0,768,0.09479148285137147,0.004743465785303023,passed
16,0.175,0.4,768,0.0623015270204282,0.004026714645731582,0,768,0.0623015270204282,0.004026714645731582,passed
16,0.175,0.6,768,0.012826812371883217,0.002086479313400455,0,768,0.012826812371883217,0.002086479313400455,passed
16,0.1875,0,768,0.35216288438807136,0.004581154118444315,0,768,0.35216288438807136,0.004581154118444315,passed
16,0.1875,0.1,768,0.2940597869089591,0.005300056828785051,0,768,0.2940597869089591,0.005300056828785051,passed
16,0.1875,0.2,768,0.22067416329284648,0.005677608010417595,0,768,0.22067416329284648,0.005677608010417595,passed
16,0.1875,0.3,768,0.14623918890375073,0.005397505136671463,0,768,0.14623918890375073,0.005397505136671463,passed
16,0.1875,0.6,768,0.020228549377779195,0.002500836760879493,0,768,0.020228549377779195,0.002500836760879493,passed
16,0.2,0,768,0.40952154432418647,0.003421454299728008,256,512,0.413520491599859,0.004112610853834338,passed
16,0.2,0.1,768,0.3583115838033495,0.004341119329678386,256,512,0.35777858103324756,0.005409631659940011,passed
16,0.2,0.2,768,0.3015643817439493,0.005206461977289427,256,512,0.2988390789117564,0.006364337729323717,passed
16,0.2,0.3,768,0.21911313817706302,0.00569475797359492,256,512,0.21764785870827966,0.006870003806464119,passed
16,0.2,0.4,768,0.14336815118829146,0.0052862931123098585,256,512,0.14322673534336633,0.006600122584845381,passed
16,0.2,0.5,768,0.08437639779143467,0.004518679486072358,256,512,0.08234518306883415,0.005590911845224903,passed
16,0.2,0.6,768,0.035743132653201413,0.0030635940756819965,256,512,0.03269697303620934,0.0035460137890735194,passed
16,0.2,0.7,256,0.017481637377790543,0.004124865365099675,,,,,passed
16,0.2,0.8,256,0.002855304448467758,0.001357516798960054,,,,,passed
16,0.2,0.85,256,0.0001386988269108315,6.67761179878374e-05,,,,,passed
16,0.2,0.9,256,3.164703577895065e-05,2.38098216713881e-05,,,,,passed
16,0.2,0.95,256,0.0007568535487928289,0.0007564479180472236,,,,,passed
16,0.2,1,256,1.3010426069826053e-18,7.482057857952481e-19,,,,,passed
16,0.2125,0.3,768,0.2834900954286617,0.005301471323100316,0,768,0.2834900954286617,0.005301471323100316,passed
16,0.2125,0.4,768,0.19356235236833386,0.005531380224901565,0,768,0.19356235236833386,0.005531380224901565,passed
16,0.2125,0.5,768,0.12872099610178475,0.005317904561484592,0,768,0.12872099610178475,0.005317904561484592,passed
16,0.225,0.3,768,0.3456529338950605,0.004525402896715906,0,768,0.3456529338950605,0.004525402896715906,passed
16,0.225,0.4,768,0.2578895331079429,0.005484978774312879,0,768,0.2578895331079429,0.005484978774312879,passed
16,0.225,0.5,768,0.17146234473508823,0.00560564054006868,0,768,0.17146234473508823,0.00560564054006868,passed
16,0.2375,0.3,768,0.3971175397507589,0.0036820104838555454,0,768,0.3971175397507589,0.0036820104838555454,passed
16,0.2375,0.4,768,0.32046039406240984,0.0048758856287622505,0,768,0.32046039406240984,0.0048758856287622505,passed
16,0.2375,0.5,768,0.22411280537328104,0.005702267944041245,0,768,0.22411280537328104,0.005702267944041245,passed
16,0.25,0,256,0.4957737429681103,0.0004903254958755177,,,,,passed
16,0.25,0.1,256,0.4863828174709872,0.0012298822845044105,,,,,passed
16,0.25,0.2,256,0.4732225569145804,0.0020645020949575273,,,,,passed
16,0.25,0.3,768,0.43271794310253114,0.0027730554451627547,256,512,0.4333566471892863,0.003333818216235781,passed
16,0.25,0.4,768,0.3764358803098011,0.0041454328362244925,256,512,0.3721474690531399,0.005180847969426552,passed
16,0.25,0.5,768,0.27812341644974853,0.005399607618232981,256,512,0.2782898265847956,0.006522339436828655,passed
16,0.25,0.6,768,0.17054852286766362,0.005625059086003405,256,512,0.16637937429188707,0.006850478812311111,passed
16,0.25,0.7,768,0.07865334408283738,0.004375313406185445,256,512,0.0808521898844278,0.0054879142086599,passed
16,0.25,0.8,256,0.018910652663177242,0.0037539920552405576,,,,,passed
16,0.25,0.85,256,0.0055261813729603725,0.0023272737981852747,,,,,passed
16,0.25,0.9,256,0.007663919249084383,0.0030484279834492806,,,,,passed
16,0.25,0.95,256,0.0002968611667966423,0.000247070980721567,,,,,passed
16,0.25,1,256,1.3444106938820255e-17,2.5054772839315647e-18,,,,,passed
16,0.2625,0.6,768,0.223590790378146,0.005642849227756427,0,768,0.223590790378146,0.005642849227756427,passed
16,0.2625,0.7,768,0.11547573440904912,0.005101501142249149,0,768,0.11547573440904912,0.005101501142249149,passed
16,0.275,0.6,768,0.26852248731855793,0.005577633516506251,0,768,0.26852248731855793,0.005577633516506251,passed
16,0.275,0.7,768,0.14355996772499954,0.005342273008803879,0,768,0.14355996772499954,0.005342273008803879,passed
16,0.2875,0.6,768,0.31077439456974804,0.004876375126057899,0,768,0.31077439456974804,0.004876375126057899,passed
16,0.2875,0.7,768,0.17664922656964324,0.005546076920442758,0,768,0.17664922656964324,0.005546076920442758,passed
16,0.3,0,256,0.4999584569445415,4.210384816420812e-06,,,,,passed
16,0.3,0.1,256,0.49975294948131194,2.006145764753052e-05,,,,,passed
16,0.3,0.2,256,0.4983754841394689,0.00015683184625592709,,,,,passed
16,0.3,0.3,256,0.49287689870261925,0.0007021140473674393,,,,,passed
16,0.3,0.4,256,0.4772986701881681,0.0019444011914206566,,,,,passed
16,0.3,0.5,256,0.4338851662515522,0.004875662660199692,,,,,passed
16,0.3,0.6,768,0.351743926820449,0.004451656965281779,256,512,0.35406429950295687,0.005391415111737789,passed
16,0.3,0.7,768,0.21964000766790917,0.005560365718951129,256,512,0.22016710757761923,0.006779103840043888,passed
16,0.3,0.8,256,0.09194126726484901,0.008440452782238648,,,,,passed
16,0.3,0.85,256,0.05077899864068603,0.006607907448218818,,,,,passed
16,0.3,0.9,256,0.0075489695655395345,0.0027748864684194463,,,,,passed
16,0.3,0.95,256,0.0014448393884335426,0.001043790982087146,,,,,passed
16,0.3,1,256,7.806255641895632e-18,1.7775626050888642e-18,,,,,passed
16,0.3125,0.7,768,0.24294154447672645,0.005475305464003771,0,768,0.24294154447672645,0.005475305464003771,passed
16,0.325,0.7,768,0.29331574157437584,0.005284064195638742,0,768,0.29331574157437584,0.005284064195638742,passed
16,0.325,0.8,768,0.12656650083664214,0.005228559475042662,0,768,0.12656650083664214,0.005228559475042662,passed
16,0.3375,0.7,768,0.30777326541058003,0.0048990642530863365,0,768,0.30777326541058003,0.0048990642530863365,passed
16,0.35,0,256,0.49999986117230777,1.662717767481903e-08,,,,,passed
16,0.35,0.1,256,0.49999713970122744,3.3126774641058774e-07,,,,,passed
16,0.35,0.2,256,0.49995780977903964,5.124514100987273e-06,,,,,passed
16,0.35,0.3,256,0.49956661965234117,5.370192188087112e-05,,,,,passed
16,0.35,0.4,256,0.49684214640473756,0.0004410916786705451,,,,,passed
16,0.35,0.5,256,0.4846071100945836,0.0014884846161614077,,,,,passed
16,0.35,0.6,256,0.45049672090180676,0.003637147473612298,,,,,passed
16,0.35,0.7,768,0.34809758307489397,0.004442120464928224,256,512,0.3467933878270879,0.005609015852017695,passed
16,0.35,0.8,768,0.17926727361115588,0.005626158668836179,256,512,0.1777841029632533,0.006843932171963401,passed
16,0.35,0.85,256,0.09079413620377272,0.007694541172357803,,,,,passed
16,0.35,0.86,512,0.09236973684586058,0.00603233060962904,0,512,0.09236973684586058,0.00603233060962904,passed
16,0.35,0.875,512,0.07922405342752896,0.005601670200440198,0,512,0.07922405342752896,0.005601670200440198,passed
16,0.35,0.89,512,0.04696794810370558,0.004449207393730784,0,512,0.04696794810370558,0.004449207393730784,passed
16,0.35,0.9,256,0.04548728850334428,0.006152252312045268,,,,,passed
16,0.35,0.95,256,0.007430581228624451,0.0025798137995252488,,,,,passed
16,0.35,1,256,0.00020388877381939544,0.0002038887738193867,,,,,passed
16,0.3625,0.8,768,0.20105667509325068,0.005642925968898649,0,768,0.20105667509325068,0.005642925968898649,passed
16,0.375,0.8,768,0.23255717091329367,0.00572190776854464,0,768,0.23255717091329367,0.00572190776854464,passed
16,0.3875,0.8,768,0.2432146017846456,0.005387085233282723,0,768,0.2432146017846456,0.005387085233282723,passed
16,0.4,0,256,0.4999999999517745,3.2492701820420637e-12,,,,,passed
16,0.4,0.1,256,0.4999999874060976,1.226346519593014e-09,,,,,passed
16,0.4,0.2,256,0.4999991586824487,1.2906305387195115e-07,,,,,passed
16,0.4,0.3,256,0.4999799336394516,2.2028507379704046e-06,,,,,passed
16,0.4,0.4,256,0.49969214714709753,3.782384239522587e-05,,,,,passed
16,0.4,0.5,256,0.49758875772304934,0.0003144345998948455,,,,,passed
16,0.4,0.6,256,0.48321464399932634,0.001594638969856359,,,,,passed
16,0.4,0.7,256,0.42088040183863806,0.0050995920404996635,,,,,passed
16,0.4,0.8,768,0.26490664553831084,0.005451084747003572,256,512,0.2679306028068607,0.006687863643932345,passed
16,0.4,0.85,256,0.167985245944609,0.009196153908310535,,,,,passed
16,0.4,0.86,512,0.1517467379730565,0.0066149819212626025,0,512,0.1517467379730565,0.0066149819212626025,passed
16,0.4,0.875,512,0.10320661982119131,0.005788554521907665,0,512,0.10320661982119131,0.005788554521907665,passed
16,0.4,0.89,512,0.08952938932222156,0.005668182231556157,0,512,0.08952938932222156,0.005668182231556157,passed
16,0.4,0.9,256,0.07932385024423125,0.008132685376708599,,,,,passed
16,0.4,0.95,256,0.025788203702319136,0.005355019550127046,,,,,passed
16,0.4,1,256,0.0017404084158415944,0.0017404084158415827,,,,,passed
16,0.4125,0.8,768,0.2972412325937273,0.005138882965980841,0,768,0.2972412325937273,0.005138882965980841,passed
16,0.425,0.8,768,0.30757793833604813,0.005175427572920839,0,768,0.30757793833604813,0.005175427572920839,passed
16,0.425,0.85,768,0.2009145904120694,0.005678818735220074,0,768,0.2009145904120694,0.005678818735220074,passed
16,0.4375,0.8,768,0.3169911908923795,0.004957969331720792,0,768,0.3169911908923795,0.004957969331720792,passed
16,0.45,0,256,0.4999999999999999,1.3165625507162628e-17,,,,,passed
16,0.45,0.1,256,0.4999999999890944,1.5842690599175219e-12,,,,,passed
16,0.45,0.2,256,0.4999999879645887,2.1471183143565597e-09,,,,,passed
16,0.45,0.3,256,0.4999986163629934,4.169819274242222e-07,,,,,passed
16,0.45,0.4,256,0.49997443924069185,3.275858102026574e-06,,,,,passed
16,0.45,0.5,256,0.49956265429685753,4.749616856165695e-05,,,,,passed
16,0.45,0.6,256,0.49508886133026647,0.000570167450839771,,,,,passed
16,0.45,0.7,256,0.45672392812059703,0.0038039688973591397,,,,,passed
16,0.45,0.8,768,0.3281203719676615,0.004817279987795146,256,512,0.32914527356269485,0.00594238816006858,passed
16,0.45,0.85,768,0.2308586408239628,0.005669026460567902,256,512,0.22556214419365825,0.0068341933469745425,passed
16,0.45,0.86,512,0.20640800904304557,0.007246491365004418,0,512,0.20640800904304557,0.007246491365004418,passed
16,0.45,0.875,512,0.16061305243878113,0.006720057613758141,0,512,0.16061305243878113,0.006720057613758141,passed
16,0.45,0.89,512,0.12381458435057084,0.006365319733106233,0,512,0.12381458435057084,0.006365319733106233,passed
16,0.45,0.9,256,0.113392425167744,0.008806498967925168,,,,,passed
16,0.45,0.95,256,0.031695829417821925,0.005330262981725684,,,,,passed
16,0.45,1,256,1.3877787807814457e-17,2.8823485378134157e-18,,,,,passed
16,0.4625,0.85,768,0.23957078517972938,0.005532748242531259,0,768,0.23957078517972938,0.005532748242531259,passed
16,0.475,0.85,768,0.247223496270878,0.005631086530360245,0,768,0.247223496270878,0.005631086530360245,passed
16,0.475,0.86,768,0.21949756142297858,0.005641882311263286,0,768,0.21949756142297858,0.005641882311263286,passed
16,0.475,0.875,768,0.1823915635056601,0.005688557948851604,0,768,0.1823915635056601,0.005688557948851604,passed
16,0.4875,0.85,768,0.25504467755326726,0.0057666563374425455,0,768,0.25504467755326726,0.0057666563374425455,passed
16,0.5,0,256,0.5,0.0,,,,,passed
16,0.5,0.1,256,0.4999999999999998,6.500260952190014e-17,,,,,passed
16,0.5,0.2,256,0.49999999987719984,4.6122079016442835e-11,,,,,passed
16,0.5,0.3,256,0.49999983720238034,8.907030574389374e-08,,,,,passed
16,0.5,0.4,256,0.49999429997062594,1.0696339146886148e-06,,,,,passed
16,0.5,0.5,256,0.49983041898863534,1.9023081684243995e-05,,,,,passed
16,0.5,0.6,256,0.4971042260949653,0.00034865107282986584,,,,,passed
16,0.5,0.7,256,0.47504730150329816,0.002035860408277814,,,,,passed
16,0.5,0.8,256,0.3766732250538656,0.00669042052633874,,,,,passed
16,0.5,0.85,1536,0.2583135719515485,0.003944274692029005,256,1280,0.25907850992153464,0.004298702458290602,passed
16,0.5,0.86,1536,0.22869528325030974,0.004039731159023552,0,1536,0.22869528325030974,0.004039731159023552,passed
16,0.5,0.875,1536,0.19954787540620042,0.004046056668122162,0,1536,0.19954787540620042,0.004046056668122162,passed
16,0.5,0.89,512,0.15991584254103663,0.006886167014292577,0,512,0.15991584254103663,0.006886167014292577,passed
16,0.5,0.9,256,0.12883069507070918,0.008761943930729441,,,,,passed
16,0.5,0.95,256,0.04779122647160762,0.0066933899889800004,,,,,passed
16,0.5,1,256,0.0006167763157894752,0.0006167763157894733,,,,,passed
16,0.5125,0.85,768,0.2578409209625071,0.005533991925555515,0,768,0.2578409209625071,0.005533991925555515,passed
16,0.525,0.85,1536,0.26505312237864137,0.0039297035009321375,0,1536,0.26505312237864137,0.0039297035009321375,passed
16,0.525,0.86,1536,0.23823012679722175,0.003995849291885953,0,1536,0.23823012679722175,0.003995849291885953,passed
16,0.525,0.875,1536,0.1957744340375528,0.004081856297616829,0,1536,0.1957744340375528,0.004081856297616829,passed
16,0.5375,0.85,768,0.2581078542376323,0.00553781630250981,0,768,0.2581078542376323,0.00553781630250981,passed
16,0.55,0,256,0.4999999999999999,1.2174607963024164e-17,,,,,passed
16,0.55,0.1,256,0.4999999999999996,1.01887879718687e-16,,,,,passed
16,0.55,0.2,256,0.4999999999999879,7.306912130240787e-15,,,,,passed
16,0.55,0.3,256,0.4999999978158992,8.857497038423092e-10,,,,,passed
16,0.55,0.4,256,0.499997222756237,1.271440829702643e-06,,,,,passed
16,0.55,0.5,256,0.4999128168270285,1.755724750305071e-05,,,,,passed
16,0.55,0.6,256,0.4985152271487642,0.0001897051517582467,,,,,passed
16,0.55,0.7,256,0.4773330248099811,0.0021825339602493717,,,,,passed
16,0.55,0.8,256,0.36901050779131794,0.007431183481924689,,,,,passed
16,0.55,0.85,1536,0.2643698571233815,0.0038917934115834337,256,1280,0.2620208637337281,0.004278304815564263,passed
16,0.55,0.86,1536,0.23025616885111957,0.003993528650644871,0,1536,0.23025616885111957,0.003993528650644871,passed
16,0.55,0.875,1536,0.1933806629040726,0.004014013942888775,0,1536,0.1933806629040726,0.004014013942888775,passed
16,0.55,0.89,512,0.15327669441987407,0.006804998564462284,0,512,0.15327669441987407,0.006804998564462284,passed
16,0.55,0.9,256,0.13841659637701487,0.00974615231543443,,,,,passed
16,0.55,0.95,256,0.02767217737133667,0.0047209937697903345,,,,,passed
16,0.55,1,256,1.734723475976807e-17,3.523449371688076e-18,,,,,passed
16,0.575,0.85,768,0.25302544436504165,0.005502946816821592,0,768,0.25302544436504165,0.005502946816821592,passed
16,0.575,0.86,768,0.23268043218131,0.005791895696195235,0,768,0.23268043218131,0.005791895696195235,passed
16,0.575,0.875,768,0.18075552688929405,0.005644121188400935,0,768,0.18075552688929405,0.005644121188400935,passed
16,0.6,0,256,0.4999999999465694,6.6096940801788985e-12,,,,,passed
16,0.6,0.1,256,0.4999999994377681,2.1274514082405113e-10,,,,,passed
16,0.6,0.2,256,0.49999999893392094,3.0409511958497406e-10,,,,,passed
16,0.6,0.3,256,0.4999999938343579,4.665867857882981e-09,,,,,passed
16,0.6,0.4,256,0.49999920609299964,4.327861049046963e-07,,,,,passed
16,0.6,0.5,256,0.4998821797934978,6.129096505837642e-05,,,,,passed
16,0.6,0.6,256,0.49760291153782377,0.00032198885562444726,,,,,passed
16,0.6,0.7,256,0.47233369365680755,0.002839659405462459,,,,,passed
16,0.6,0.8,768,0.3612462506938298,0.004584263178885886,256,512,0.3634152229098765,0.005686607297225074,passed
16,0.6,0.85,768,0.24521306733330098,0.005617229514182012,256,512,0.23532581565753433,0.006889122776570825,passed
16,0.6,0.86,512,0.2224717501401457,0.006999078621915802,0,512,0.2224717501401457,0.006999078621915802,passed
16,0.6,0.875,512,0.1625057538443847,0.006595506218099418,0,512,0.1625057538443847,0.006595506218099418,passed
16,0.6,0.89,512,0.12997859950716611,0.006550264680413077,0,512,0.12997859950716611,0.006550264680413077,passed
16,0.6,0.9,256,0.11467388889947111,0.009293160371776627,,,,,passed
16,0.6,0.95,256,0.031048075284973786,0.005770869880490287,,,,,passed
16,0.6,1,256,1.5612511283791264e-17,3.1615632214205597e-18,,,,,passed
16,0.6125,0.8,768,0.35411938779025,0.004812796331905942,0,768,0.35411938779025,0.004812796331905942,passed
16,0.6125,0.85,768,0.2210137753766219,0.005756035365215353,0,768,0.2210137753766219,0.005756035365215353,passed
16,0.625,0.8,768,0.3307730946230114,0.005165145866665593,0,768,0.3307730946230114,0.005165145866665593,passed
16,0.625,0.85,768,0.21918024528359026,0.005760722424415597,0,768,0.21918024528359026,0.005760722424415597,passed
16,0.6375,0.8,768,0.32573702592587384,0.00532445161985741,0,768,0.32573702592587384,0.00532445161985741,passed
16,0.6375,0.85,768,0.19877159573298245,0.005622329509701357,0,768,0.19877159573298245,0.005622329509701357,passed
16,0.65,0,256,0.499999872261376,1.3117901980371182e-08,,,,,passed
16,0.65,0.1,256,0.49999954267697444,8.512246300738143e-08,,,,,passed
16,0.65,0.2,256,0.49999821928799426,4.721168725739604e-07,,,,,passed
16,0.65,0.3,256,0.49999037206548286,6.175443496683318e-06,,,,,passed
16,0.65,0.4,256,0.4999841726257832,4.3952179693611996e-06,,,,,passed
16,0.65,0.5,256,0.4997030099061064,0.0001654452828495885,,,,,passed
16,0.65,0.6,256,0.49585924639503703,0.0006639986929951937,,,,,passed
16,0.65,0.7,256,0.46249795638394015,0.0038205672566157334,,,,,passed
16,0.65,0.8,768,0.3076517549104256,0.005418731564299795,256,512,0.31176994092865284,0.006613285544471215,passed
16,0.65,0.85,768,0.19136876154226531,0.00598720174715024,256,512,0.1981706583833016,0.00733020604501135,passed
16,0.65,0.86,512,0.16883629414826237,0.007216182041894175,0,512,0.16883629414826237,0.007216182041894175,passed
16,0.65,0.875,512,0.13373926538279934,0.007037484492604188,0,512,0.13373926538279934,0.007037484492604188,passed
16,0.65,0.89,512,0.09442439047177982,0.006049249254577768,0,512,0.09442439047177982,0.006049249254577768,passed
16,0.65,0.9,256,0.08563489718238095,0.008143299462221011,,,,,passed
16,0.65,0.95,256,0.02003972467018443,0.004382785752378183,,,,,passed
16,0.65,1,256,9.974659986866641e-18,2.255107812584793e-18,,,,,passed
16,0.6625,0.8,768,0.29628826496970695,0.005727452695790485,0,768,0.29628826496970695,0.005727452695790485,passed
16,0.675,0.8,768,0.26378216081265604,0.005962705835801164,0,768,0.26378216081265604,0.005962705835801164,passed
16,0.6875,0.8,768,0.24531293532211182,0.006146266521327905,0,768,0.24531293532211182,0.006146266521327905,passed
16,0.7,0,256,0.4999558327187957,4.87958271430963e-06,,,,,passed
16,0.7,0.1,256,0.49990533958766503,1.4863879116513106e-05,,,,,passed
16,0.7,0.2,256,0.49980580281068976,2.765937296234157e-05,,,,,passed
16,0.7,0.3,256,0.4995697566263995,0.00012103316609786352,,,,,passed
16,0.7,0.4,256,0.4990631771680601,0.00019533243507369966,,,,,passed
16,0.7,0.5,256,0.49428983390948095,0.00209664074819563,,,,,passed
16,0.7,0.6,256,0.4833894700831615,0.003301026866546951,,,,,passed
16,0.7,0.7,768,0.41000748432426554,0.004169572812096354,256,512,0.40560682028434974,0.00519739245877367,passed
16,0.7,0.8,768,0.22104998147197816,0.006232604680759742,256,512,0.21677249820270084,0.007739711874747623,passed
16,0.7,0.85,256,0.12586117103440975,0.009185371665463418,,,,,passed
16,0.7,0.86,512,0.09337004735683992,0.006081945746798949,0,512,0.09337004735683992,0.006081945746798949,passed
16,0.7,0.875,512,0.0714302242074967,0.005587744355172564,0,512,0.0714302242074967,0.005587744355172564,passed
16,0.7,0.89,512,0.046114207949950976,0.00430803714300765,0,512,0.046114207949950976,0.00430803714300765,passed
16,0.7,0.9,256,0.044275896958828186,0.0063365181610740345,,,,,passed
16,0.7,0.95,256,0.002355293588859202,0.0008459633486924408,,,,,passed
16,0.7,1,256,9.974659986866641e-18,2.169764485826077e-18,,,,,passed
16,0.7125,0.7,768,0.38309770324773257,0.005296775678832433,0,768,0.38309770324773257,0.005296775678832433,passed
16,0.725,0.7,768,0.3560098850237648,0.0059269591784153605,0,768,0.3560098850237648,0.0059269591784153605,passed
16,0.725,0.8,768,0.149740183517751,0.005989837809448535,0,768,0.149740183517751,0.005989837809448535,passed
16,0.7375,0.7,768,0.32400672326886254,0.0063805069821415645,0,768,0.32400672326886254,0.0063805069821415645,passed
16,0.75,0,256,0.494845595266599,0.0005628354551378446,,,,,passed
16,0.75,0.1,256,0.49419037424289336,0.0005410531116829347,,,,,passed
16,0.75,0.2,256,0.4893293039535854,0.001320298321139317,,,,,passed
16,0.75,0.3,256,0.4842166922118728,0.0017572144446129647,,,,,passed
16,0.75,0.4,256,0.4753098428585854,0.002608948457809465,,,,,passed
16,0.75,0.5,768,0.4504659122603181,0.003204400341363753,256,512,0.4521346344769577,0.003793537761906142,passed
16,0.75,0.6,768,0.4023495006630735,0.004760306892878177,256,512,0.40088924757314714,0.005903199300014868,passed
16,0.75,0.7,768,0.28090257978511696,0.006881995488367843,256,512,0.28122235365102133,0.008433303889788722,passed
16,0.75,0.8,256,0.09444782470981905,0.009265048939768258,,,,,passed
16,0.75,0.85,256,0.049690960718344876,0.007049450438032514,,,,,passed
16,0.75,0.86,512,0.036270938646417755,0.004110234315433589,0,512,0.036270938646417755,0.004110234315433589,passed
16,0.75,0.875,512,0.021295659638375444,0.003213209697699331,0,512,0.021295659638375444,0.003213209697699331,passed
16,0.75,0.89,512,0.013981052330619529,0.002608487104478649,0,512,0.013981052330619529,0.002608487104478649,passed
16,0.75,0.9,256,0.012149571825493519,0.0036167121537398145,,,,,passed
16,0.75,0.95,256,0.00031172670809289727,0.0001744009703161134,,,,,passed
16,0.75,1,256,6.938893903907228e-18,1.991268411215106e-18,,,,,passed
16,0.7625,0.5,768,0.40895607473417855,0.004099235998728466,0,768,0.40895607473417855,0.004099235998728466,passed
16,0.7625,0.6,768,0.3460346249631671,0.005825292959625404,0,768,0.3460346249631671,0.005825292959625404,passed
16,0.775,0.5,768,0.36850663747217194,0.005053599933688531,0,768,0.36850663747217194,0.005053599933688531,passed
16,0.775,0.6,768,0.28627590805883885,0.006596477509235293,0,768,0.28627590805883885,0.006596477509235293,passed
16,0.775,0.7,768,0.1677816715190057,0.0068987952907008585,0,768,0.1677816715190057,0.0068987952907008585,passed
16,0.7875,0.5,768,0.30184202932047194,0.005873007249580074,0,768,0.30184202932047194,0.005873007249580074,passed
16,0.7875,0.6,768,0.22914585695319575,0.006666439053848951,0,768,0.22914585695319575,0.006666439053848951,passed
16,0.8,0,768,0.414441952971268,0.0031324302598082546,256,512,0.4172889024304478,0.003609626632008909,passed
16,0.8,0.1,768,0.38767245704228986,0.003846725306349092,256,512,0.3869364945899334,0.004714512644242342,passed
16,0.8,0.2,768,0.37481331143862917,0.004311934186399956,256,512,0.3758338324200219,0.005232228929966113,passed
16,0.8,0.3,768,0.3362235663282574,0.004969178994100844,256,512,0.3364084675682979,0.006163204137891324,passed
16,0.8,0.4,768,0.29310313465691357,0.005514168874471726,256,512,0.29680759478884217,0.0067842361227811645,passed
16,0.8,0.5,768,0.22470447439359598,0.006011195634450866,256,512,0.22346713796306705,0.007276609198131225,passed
16,0.8,0.6,768,0.16178663784013095,0.006185192585627553,256,512,0.15921322653097697,0.0075091001433043305,passed
16,0.8,0.7,256,0.08293239813407721,0.009216397157226811,,,,,passed
16,0.8,0.8,256,0.01998539227898042,0.0045560268826938125,,,,,passed
16,0.8,0.85,256,0.003472557505170904,0.0017995081296196935,,,,,passed
16,0.8,0.9,256,0.0021403227455637306,0.001802411381909743,,,,,passed
16,0.8,0.95,256,3.081829730083516e-08,3.0818297291692164e-08,,,,,passed
16,0.8,1,256,3.469446951953614e-18,1.2096814144277288e-18,,,,,passed
16,0.8125,0,768,0.3570133318858731,0.0043811322146664914,0,768,0.3570133318858731,0.0043811322146664914,passed
16,0.8125,0.1,768,0.31973407191856346,0.004983952172724035,0,768,0.31973407191856346,0.004983952172724035,passed
16,0.8125,0.2,768,0.30516135496828506,0.005317101880980499,0,768,0.30516135496828506,0.005317101880980499,passed
16,0.8125,0.3,768,0.25645603920688975,0.005597567512520487,0,768,0.25645603920688975,0.005597567512520487,passed
16,0.8125,0.4,768,0.22384245116472976,0.005877594733987949,0,768,0.22384245116472976,0.005877594733987949,passed
16,0.825,0,768,0.2682253117446604,0.005348703376585633,0,768,0.2682253117446604,0.005348703376585633,passed
16,0.825,0.1,768,0.24689081792543707,0.005630818265251035,0,768,0.24689081792543707,0.005630818265251035,passed
16,0.825,0.2,768,0.21449181457043598,0.005676843466928573,0,768,0.21449181457043598,0.005676843466928573,passed
16,0.825,0.3,768,0.1915513157062796,0.005754508513987284,0,768,0.1915513157062796,0.005754508513987284,passed
16,0.825,0.4,768,0.1353297591297473,0.005387542776790666,0,768,0.1353297591297473,0.005387542776790666,passed
16,0.825,0.5,768,0.09178426740784025,0.004989794349452004,0,768,0.09178426740784025,0.004989794349452004,passed
16,0.8375,0,768,0.1897051549379707,0.0056265664403865375,0,768,0.1897051549379707,0.0056265664403865375,passed
16,0.8375,0.1,768,0.16723002274204968,0.005529039826322238,0,768,0.16723002274204968,0.005529039826322238,passed
16,0.8375,0.2,768,0.1298519841615504,0.005164361316811225,0,768,0.1298519841615504,0.005164361316811225,passed
16,0.8375,0.3,768,0.11263494605505857,0.00516376397241722,0,768,0.11263494605505857,0.00516376397241722,passed
16,0.8375,0.4,768,0.0799248686148983,0.004585327293186699,0,768,0.0799248686148983,0.004585327293186699,passed
16,0.85,0,768,0.10738195452305517,0.0050490790266576775,256,512,0.10007615524700098,0.005955467551550042,passed
16,0.85,0.1,768,0.10037749794799407,0.004860286425048503,256,512,0.09885739778061281,0.005845811116152268,passed
16,0.85,0.2,768,0.07601804779179011,0.00442412061861144,256,512,0.08118511249350135,0.005588618957902831,passed
16,0.85,0.3,768,0.05497727550207068,0.003787036278322828,256,512,0.05657770778391679,0.004772210837820455,passed
16,0.85,0.4,768,0.04023167046678095,0.0034578182426465414,256,512,0.04177296569922696,0.004359420647088744,passed
16,0.85,0.5,256,0.015434914493749348,0.00354844866931131,,,,,passed
16,0.85,0.6,256,0.010412959922728567,0.002950959966319386,,,,,passed
16,0.85,0.7,256,0.006522426649418756,0.0025661697605309495,,,,,passed
16,0.85,0.8,256,7.37257477290143e-18,2.0321483457127075e-18,,,,,passed
16,0.85,0.85,256,8.239936510889834e-18,2.198133039166209e-18,,,,,passed
16,0.85,0.9,256,5.204170427930421e-18,1.814522121641593e-18,,,,,passed
16,0.85,0.95,256,8.239936510889834e-18,2.0190399235815853e-18,,,,,passed
16,0.85,1,256,7.37257477290143e-18,2.0321483457127075e-18,,,,,passed
16,0.9,0,256,0.004412187743918134,0.0021874374819942,,,,,passed
16,0.9,0.1,256,8.427273086420144e-05,3.2854124102727804e-05,,,,,passed
16,0.9,0.2,256,0.0003987269271768495,0.00032229430223266846,,,,,passed
16,0.9,0.3,256,0.0010404557854949976,0.0010008634159033797,,,,,passed
16,0.9,0.4,256,9.234838864517238e-06,4.26574207029948e-06,,,,,passed
16,0.9,0.5,256,8.513063625460726e-07,8.140431509303625e-07,,,,,passed
16,0.9,0.6,256,1.6244955743571418e-07,1.6120415620458885e-07,,,,,passed
16,0.9,0.7,256,5.204170427930421e-18,1.707295290070771e-18,,,,,passed
16,0.9,0.8,256,3.903127820947816e-18,1.2804714675530783e-18,,,,,passed
16,0.9,0.85,256,1.734723475976807e-18,8.622445149328799e-19,,,,,passed
16,0.9,0.9,256,3.469446951953614e-18,1.2096814144277288e-18,,,,,passed
16,0.9,0.95,256,2.6020852139652106e-18,1.0518306062780877e-18,,,,,passed
16,0.9,1,256,2.168404344971009e-18,9.621040375138503e-19,,,,,passed
16,0.95,0,256,4.4827639864020163e-13,2.99800067776375e-13,,,,,passed
16,0.95,0.1,256,5.455271651078064e-15,3.842062686142808e-15,,,,,passed
16,0.95,0.2,256,6.808789643208968e-16,3.6949330178745583e-16,,,,,passed
16,0.95,0.3,256,5.130010999332413e-15,5.012437935210635e-15,,,,,passed
16,0.95,0.4,256,6.071532165918825e-18,2.986408709813607e-18,,,,,passed
16,0.95,0.5,256,2.168404344971009e-18,9.621040375138503e-19,,,,,passed
16,0.95,0.6,256,2.6020852139652106e-18,1.2181875663181756e-18,,,,,passed
16,0.95,0.7,256,1.3010426069826053e-18,7.482057857952481e-19,,,,,passed
16,0.95,0.8,256,4.336808689942018e-19,4.336808689942018e-19,,,,,passed
16,0.95,0.85,256,1.3010426069826053e-18,7.482057857952481e-19,,,,,passed
16,0.95,0.9,256,1.734723475976807e-18,8.622445149328799e-19,,,,,passed
16,0.95,0.95,256,2.6020852139652106e-18,1.2181875663181756e-18,,,,,passed
16,0.95,1,256,4.336808689942018e-19,4.336808689942018e-19,,,,,passed
16,1.0,0,0,0.0,0.0,,,,,analytic_deterministic_prior
16,1.0,0.1,0,0.0,0.0,,,,,analytic_deterministic_prior
16,1.0,0.2,0,0.0,0.0,,,,,analytic_deterministic_prior
16,1.0,0.3,0,0.0,0.0,,,,,analytic_deterministic_prior
16,1.0,0.4,0,0.0,0.0,,,,,analytic_deterministic_prior
16,1.0,0.5,0,0.0,0.0,,,,,analytic_deterministic_prior
16,1.0,0.6,0,0.0,0.0,,,,,analytic_deterministic_prior
16,1.0,0.7,0,0.0,0.0,,,,,analytic_deterministic_prior
16,1.0,0.8,0,0.0,0.0,,,,,analytic_deterministic_prior
16,1.0,0.85,0,0.0,0.0,,,,,analytic_deterministic_prior
16,1.0,0.9,0,0.0,0.0,,,,,analytic_deterministic_prior
16,1.0,0.95,0,0.0,0.0,,,,,analytic_deterministic_prior
16,1.0,1,0,0.0,0.0,,,,,analytic_deterministic_prior
24,0.0,0,0,0.0,0.0,,,,,analytic_deterministic_prior
24,0.0,0.1,0,0.0,0.0,,,,,analytic_deterministic_prior
24,0.0,0.2,0,0.0,0.0,,,,,analytic_deterministic_prior
24,0.0,0.3,0,0.0,0.0,,,,,analytic_deterministic_prior
24,0.0,0.4,0,0.0,0.0,,,,,analytic_deterministic_prior
24,0.0,0.5,0,0.0,0.0,,,,,analytic_deterministic_prior
24,0.0,0.6,0,0.0,0.0,,,,,analytic_deterministic_prior
24,0.0,0.7,0,0.0,0.0,,,,,analytic_deterministic_prior
24,0.0,0.8,0,0.0,0.0,,,,,analytic_deterministic_prior
24,0.0,0.85,0,0.0,0.0,,,,,analytic_deterministic_prior
24,0.0,0.9,0,0.0,0.0,,,,,analytic_deterministic_prior
24,0.0,0.95,0,0.0,0.0,,,,,analytic_deterministic_prior
24,0.0,1,0,0.0,0.0,,,,,analytic_deterministic_prior
24,0.05,0,256,5.074066167232161e-17,5.789656321504954e-18,,,,,passed
24,0.05,0.1,256,4.5102810375396984e-17,5.317451928965755e-18,,,,,passed
24,0.05,0.2,256,4.0766001685454967e-17,5.095030977006256e-18,,,,,passed
24,0.05,0.3,256,4.2934406030425976e-17,5.263288605755198e-18,,,,,passed
24,0.05,0.4,256,4.7704895589362195e-17,5.3701764161127386e-18,,,,,passed
24,0.05,0.5,256,3.859759734048396e-17,5.1790954199254516e-18,,,,,passed
24,0.05,0.6,256,4.423544863740858e-17,5.202752977154318e-18,,,,,passed
24,0.05,0.7,256,3.5561831257524545e-17,4.6341067049443835e-18,,,,,passed
24,0.05,0.8,256,3.5561831257524545e-17,4.794317286384577e-18,,,,,passed
24,0.05,0.85,256,3.599551212651875e-17,4.169903695366836e-18,,,,,passed
24,0.05,0.9,256,6.028164079019405e-17,6.525589633085669e-18,,,,,passed
24,0.05,0.95,256,3.903127820947816e-17,4.220974074995109e-18,,,,,passed
24,0.05,1,256,3.0357660829594124e-18,1.1338324124139637e-18,,,,,passed
24,0.1,0,256,3.300497073770517e-06,2.087492905457178e-06,,,,,passed
24,0.1,0.1,768,4.847399844942555e-06,3.1563400834982146e-06,256,512,7.208000421798748e-06,4.7324921640328e-06,passed
24,0.1,0.2,256,5.176572862967965e-06,5.128508081091691e-06,,,,,passed
24,0.1,0.3,256,3.6026767524094394e-09,3.3691953918738352e-09,,,,,passed
24,0.1,0.4,256,1.8675806907897385e-09,1.270892167253238e-09,,,,,passed
24,0.1,0.5,256,2.664422502074437e-13,2.1339001853462885e-13,,,,,passed
24,0.1,0.6,256,3.630208113281075e-13,3.2559274018482354e-13,,,,,passed
24,0.1,0.7,256,3.307020456089216e-13,3.306419630274456e-13,,,,,passed
24,0.1,0.8,256,4.5536491244391186e-17,5.0288064186569664e-18,,,,,passed
24,0.1,0.85,256,5.2909066017292616e-17,5.72953285253941e-18,,,,,passed
24,0.1,0.9,256,4.206704429243757e-17,5.290683553186403e-18,,,,,passed
24,0.1,0.95,256,4.85722573273506e-17,5.304119391656903e-18,,,,,passed
24,0.1,1,256,5.204170427930421e-18,1.592866562229545e-18,,,,,passed
24,0.1125,0.1,768,0.0003489580920022605,0.00020361596951720264,0,768,0.0003489580920022605,0.00020361596951720264,passed
24,0.125,0.1,768,0.004320381667672426,0.0011528728264714506,0,768,0.004320381667672426,0.0011528728264714506,passed
24,0.125,0.6,768,2.577345244936362e-08,2.066908575424206e-08,0,768,2.577345244936362e-08,2.066908575424206e-08,passed
24,0.1375,0.1,768,0.019916984932209402,0.0025718694787845307,0,768,0.019916984932209402,0.0025718694787845307,passed
24,0.15,0,768,0.0990226989665815,0.0048951295822339804,256,512,0.09041164568110524,0.005707711048290179,passed
24,0.15,0.1,768,0.0615062085473824,0.004300420085832382,256,512,0.055107122558786054,0.004939169420868591,passed
24,0.15,0.2,768,0.024207683014317746,0.0025460033668999833,256,512,0.02349547732332183,0.0029787885145036402,passed
24,0.15,0.3,768,0.010792084577887948,0.0018611500766381153,256,512,0.009252731143664553,0.002079707317906817,passed
24,0.15,0.4,256,0.002046471040025227,0.0007771838573763327,,,,,passed
24,0.15,0.5,256,3.208042975313529e-05,1.1892350690329832e-05,,,,,passed
24,0.15,0.6,768,0.0006633110697574952,0.0004171282713960963,256,512,1.7883165656548596e-05,1.2458080098736746e-05,passed
24,0.15,0.7,256,3.041380382132544e-08,1.2760756292861146e-08,,,,,passed
24,0.15,0.8,256,3.76650733172057e-11,3.233842282698297e-11,,,,,passed
24,0.15,0.85,256,1.8447803397728113e-10,1.8222465797774877e-10,,,,,passed
24,0.15,0.9,256,2.259477327459791e-16,1.565037583146999e-16,,,,,passed
24,0.15,0.95,256,4.9873299934333204e-17,5.851494154660185e-18,,,,,passed
24,0.15,1,256,1.214306433183765e-17,2.2552713387669875e-18,,,,,passed
24,0.1625,0,768,0.16623209578892037,0.005450339438890634,0,768,0.16623209578892037,0.005450339438890634,passed
24,0.1625,0.1,768,0.11078401517577634,0.004981604207075415,0,768,0.11078401517577634,0.004981604207075415,passed
24,0.1625,0.2,768,0.06489082574796858,0.004120342282113538,0,768,0.06489082574796858,0.004120342282113538,passed
24,0.1625,0.3,768,0.03142993499460269,0.0031162941514732865,0,768,0.03142993499460269,0.0031162941514732865,passed
24,0.1625,0.6,768,0.0011353958477596441,0.0006806281871138142,0,768,0.0011353958477596441,0.0006806281871138142,passed
24,0.175,0,768,0.28295941444923967,0.005374805572808949,0,768,0.28295941444923967,0.005374805572808949,passed
24,0.175,0.1,768,0.21089293638289341,0.00574910908686182,0,768,0.21089293638289341,0.00574910908686182,passed
24,0.175,0.2,768,0.12850890412887947,0.005264767446090087,0,768,0.12850890412887947,0.005264767446090087,passed
24,0.175,0.3,768,0.06795670555113997,0.004194405564970083,0,768,0.06795670555113997,0.004194405564970083,passed
24,0.175,0.4,768,0.02857469423625715,0.002837238432905838,0,768,0.02857469423625715,0.002837238432905838,passed
24,0.175,0.6,768,0.0023083046098475953,0.000966836924203181,0,768,0.0023083046098475953,0.000966836924203181,passed
24,0.1875,0,768,0.387464342635395,0.003875863323767265,0,768,0.387464342635395,0.003875863323767265,passed
24,0.1875,0.1,768,0.31649150878498084,0.0050620517733410515,0,768,0.31649150878498084,0.0050620517733410515,passed
24,0.1875,0.2,768,0.21976171833786426,0.005660127371404406,0,768,0.21976171833786426,0.005660127371404406,passed
24,0.1875,0.3,768,0.1505387216891001,0.0055534348909465235,0,768,0.1505387216891001,0.0055534348909465235,passed
24,0.1875,0.6,768,0.005023935479410437,0.001081957171802793,0,768,0.005023935479410437,0.001081957171802793,passed
24,0.2,0,768,0.44790406462438437,0.0020875632287704346,256,512,0.44880733022578245,0.0025671582792421536,passed
24,0.2,0.1,768,0.3925544972673416,0.0038397334776711593,256,512,0.3918980063111159,0.004798700201840035,passed
24,0.2,0.2,768,0.30991862350660343,0.00511152989205564,256,512,0.30743778700272495,0.006282978005358803,passed
24,0.2,0.3,768,0.20906689697269298,0.0055669089427596,256,512,0.2070153400018539,0.006767513094238041,passed
24,0.2,0.4,768,0.11975817226957501,0.005076370431492745,256,512,0.11828195492466134,0.006053413641242775,passed
24,0.2,0.5,768,0.05029039977225358,0.0036062727317910524,256,512,0.050712728425764644,0.004321626523651415,passed
24,0.2,0.6,768,0.01692391968358417,0.002485535572205417,256,512,0.018242545345841174,0.0032906761589564055,passed
24,0.2,0.7,256,0.003083832767348584,0.0016380789404409125,,,,,passed
24,0.2,0.8,256,7.605436925240284e-06,5.174050616425951e-06,,,,,passed
24,0.2,0.85,256,1.0153940635032263e-06,9.175031900235806e-07,,,,,passed
24,0.2,0.9,256,4.562120873565986e-08,4.5515700656333285e-08,,,,,passed
24,0.2,0.95,256,7.224742809217033e-11,7.211664331182531e-11,,,,,passed
24,0.2,1,256,3.903127820947816e-18,1.4202959204498208e-18,,,,,passed
24,0.2125,0.3,768,0.29946117915925274,0.0051923807626722464,0,768,0.29946117915925274,0.0051923807626722464,passed
24,0.2125,0.4,768,0.18938994512699725,0.005557473054227916,0,768,0.18938994512699725,0.005557473054227916,passed
24,0.2125,0.5,768,0.10133132662757409,0.004879828454430011,0,768,0.10133132662757409,0.004879828454430011,passed
24,0.225,0.3,768,0.37699278766618854,0.004090402427248684,0,768,0.37699278766618854,0.004090402427248684,passed
24,0.225,0.4,768,0.27587303870742225,0.005314703842623752,0,768,0.27587303870742225,0.005314703842623752,passed
24,0.225,0.5,768,0.1600144512556663,0.005478962294775577,0,768,0.1600144512556663,0.005478962294775577,passed
24,0.2375,0.3,768,0.433158298567796,0.00274483045586949,0,768,0.433158298567796,0.00274483045586949,passed
24,0.2375,0.4,768,0.34788279680404255,0.004614675238488419,0,768,0.34788279680404255,0.004614675238488419,passed
24,0.2375,0.5,768,0.22425172923229342,0.005547658766116637,0,768,0.22425172923229342,0.005547658766116637,passed
24,0.25,0,256,0.4994955646269934,5.716037788450262e-05,,,,,passed
24,0.25,0.1,256,0.49677987897885506,0.0004578336289010916,,,,,passed
24,0.25,0.2,256,0.49090427871824316,0.0009441316075029634,,,,,passed
24,0.25,0.3,768,0.46579627193061784,0.0016193715743991544,256,512,0.46519104838292535,0.00199296664131431,passed
24,0.25,0.4,768,0.40709735990010776,0.003281632051242399,256,512,0.40369470706123856,0.004011681781090105,passed
24,0.25,0.5,768,0.29428452407802635,0.005219421693064542,256,512,0.29775632019537557,0.006454954004981955,passed
24,0.25,0.6,768,0.15034827816761778,0.005374915602411072,256,512,0.15478822363657485,0.0065511585932658475,passed
24,0.25,0.7,768,0.054150769407397055,0.004028307686011437,256,512,0.053408683617356,0.004962906350566024,passed
24,0.25,0.8,256,0.006802754330892335,0.0026567942471796085,,,,,passed
24,0.25,0.85,256,0.0031816175368908637,0.0017806718731006779,,,,,passed
24,0.25,0.9,256,2.9649024392936103e-05,2.86340720372538e-05,,,,,passed
24,0.25,0.95,256,1.783419861876162e-09,1.0490093113533406e-09,,,,,passed
24,0.25,1,256,3.5128150388530344e-17,4.0616644628192e-18,,,,,passed
24,0.2625,0.6,768,0.2161823738551766,0.005831541926357845,0,768,0.2161823738551766,0.005831541926357845,passed
24,0.2625,0.7,768,0.0820945280514544,0.004536467607727504,0,768,0.0820945280514544,0.004536467607727504,passed
24,0.275,0.6,768,0.26901525244770724,0.005456818720625778,0,768,0.26901525244770724,0.005456818720625778,passed
24,0.275,0.7,768,0.11876634069163126,0.0051816756635789185,0,768,0.11876634069163126,0.0051816756635789185,passed
24,0.2875,0.6,768,0.33076075093802193,0.004809969079241622,0,768,0.33076075093802193,0.004809969079241622,passed
24,0.2875,0.7,768,0.1645861819990475,0.005628397947476136,0,768,0.1645861819990475,0.005628397947476136,passed
24,0.3,0,256,0.49999939461694043,1.219911732562835e-07,,,,,passed
24,0.3,0.1,256,0.49999060758298075,1.3253884670494236e-06,,,,,passed
24,0.3,0.2,256,0.4998986785258587,2.1593182559347425e-05,,,,,passed
24,0.3,0.3,256,0.4987158144293168,0.00020783580591516538,,,,,passed
24,0.3,0.4,256,0.4927508744082125,0.0006422804657883065,,,,,passed
24,0.3,0.5,256,0.46704074254761946,0.0027001748449428787,,,,,passed
24,0.3,0.6,768,0.36853430696112643,0.004184204649872829,256,512,0.3670712433014821,0.005255301208147205,passed
24,0.3,0.7,768,0.22148777868343453,0.005681433163794236,256,512,0.21771460399869458,0.006962039713670746,passed
24,0.3,0.8,256,0.05423781108206541,0.006616140631678994,,,,,passed
24,0.3,0.85,256,0.010715212458249674,0.0023515408328045584,,,,,passed
24,0.3,0.9,256,0.0007013414797982643,0.00024216573873005746,,,,,passed
24,0.3,0.95,256,9.680020878986666e-06,4.908513305586724e-06,,,,,passed
24,0.3,1,256,2.905661822261152e-17,4.28987020580595e-18,,,,,passed
24,0.3125,0.7,768,0.2633933601976352,0.00561132070176805,0,768,0.2633933601976352,0.00561132070176805,passed
24,0.325,0.7,768,0.29506760771286955,0.005190656583074942,0,768,0.29506760771286955,0.005190656583074942,passed
24,0.325,0.8,768,0.10729553058726765,0.005101046012043653,0,768,0.10729553058726765,0.005101046012043653,passed
24,0.3375,0.7,768,0.3423484094725134,0.004734897682173288,0,768,0.3423484094725134,0.004734897682173288,passed
24,0.35,0,256,0.49999999989031957,1.656624262021203e-11,,,,,passed
24,0.35,0.1,256,0.4999999900556269,1.3439936289459145e-09,,,,,passed
24,0.35,0.2,256,0.4999994289414098,8.618584732868968e-08,,,,,passed
24,0.35,0.3,256,0.4999762558396241,4.229325737868716e-06,,,,,passed
24,0.35,0.4,256,0.49975367647531027,2.7179788617078546e-05,,,,,passed
24,0.35,0.5,256,0.496855461191416,0.00033089460730389476,,,,,passed
24,0.35,0.6,256,0.47391229678889296,0.0026531863404308446,,,,,passed
24,0.35,0.7,768,0.3765818178605542,0.004120443142796774,256,512,0.3791532824369581,0.004887665445676806,passed
24,0.35,0.8,768,0.15613391243842878,0.005268319462060153,256,512,0.15454816587322823,0.006438379842371253,passed
24,0.35,0.85,256,0.05773458074464659,0.006577460580153635,,,,,passed
24,0.35,0.86,512,0.06250350220250583,0.004945577704510259,0,512,0.06250350220250583,0.004945577704510259,passed
24,0.35,0.875,512,0.035921140259337785,0.0039360130248681634,0,512,0.035921140259337785,0.0039360130248681634,passed
24,0.35,0.89,512,0.021641554335083066,0.002870656539061665,0,512,0.021641554335083066,0.002870656539061665,passed
24,0.35,0.9,256,0.01515085675219574,0.003475313063818598,,,,,passed
24,0.35,0.95,256,0.0011010735944130229,0.0006038374684012181,,,,,passed
24,0.35,1,256,4.163336342344337e-17,5.665583147960493e-18,,,,,passed
24,0.3625,0.8,768,0.20309322147110506,0.005654131329110487,0,768,0.20309322147110506,0.005654131329110487,passed
24,0.375,0.8,768,0.23094722506530685,0.005709092676745787,0,768,0.23094722506530685,0.005709092676745787,passed
24,0.3875,0.8,768,0.25314124241775243,0.005533545069300392,0,768,0.25314124241775243,0.005533545069300392,passed
24,0.4,0,256,0.49999999999999933,6.67722084497469e-17,,,,,passed
24,0.4,0.1,256,0.4999999999971352,4.727125857461646e-13,,,,,passed
24,0.4,0.2,256,0.4999999985115048,3.396406583432303e-10,,,,,passed
24,0.4,0.3,256,0.49999986279117026,2.8074343486835142e-08,,,,,passed
24,0.4,0.4,256,0.4999902630461055,1.5704314947032749e-06,,,,,passed
24,0.4,0.5,256,0.49972991828506863,3.4746254839659346e-05,,,,,passed
24,0.4,0.6,256,0.4956542670600359,0.00045774301139123055,,,,,passed
24,0.4,0.7,256,0.457477111135921,0.003333152522270311,,,,,passed
24,0.4,0.8,768,0.2894760044310265,0.005350822706144052,256,512,0.2886497956808647,0.006548490652048257,passed
24,0.4,0.85,256,0.14671444810328083,0.009052518649304385,,,,,passed
24,0.4,0.86,512,0.13227833678487724,0.006359526846351592,0,512,0.13227833678487724,0.006359526846351592,passed
24,0.4,0.875,512,0.0924415973318768,0.005914130995478735,0,512,0.0924415973318768,0.005914130995478735,passed
24,0.4,0.89,512,0.05429470226557061,0.004605635267215893,0,512,0.05429470226557061,0.004605635267215893,passed
24,0.4,0.9,256,0.04530541972738315,0.00617425670193163,,,,,passed
24,0.4,0.95,256,0.005753869312625949,0.002458887510741975,,,,,passed
24,0.4,1,256,4.5102810375396984e-17,4.9876442450320975e-18,,,,,passed
24,0.4125,0.8,768,0.30589107418260947,0.005073662503157597,0,768,0.30589107418260947,0.005073662503157597,passed
24,0.425,0.8,768,0.32186227938322776,0.00513923579018744,0,768,0.32186227938322776,0.00513923579018744,passed
24,0.425,0.85,768,0.1934063728444253,0.005728959700177884,0,768,0.1934063728444253,0.005728959700177884,passed
24,0.4375,0.8,768,0.3530719961138867,0.004424870691896941,0,768,0.3530719961138867,0.004424870691896941,passed
24,0.45,0,256,0.4999999999999999,8.152512787323984e-18,,,,,passed
24,0.45,0.1,256,0.4999999999999997,9.012709229440939e-17,,,,,passed
24,0.45,0.2,256,0.4999999999980469,3.7059224432880294e-13,,,,,passed
24,0.45,0.3,256,0.49999999859514627,2.45233899323768e-10,,,,,passed
24,0.45,0.4,256,0.4999996432975325,6.342379004452531e-08,,,,,passed
24,0.45,0.5,256,0.4999721028581284,3.9536070385324805e-06,,,,,passed
24,0.45,0.6,256,0.4989626012372024,0.00014517780987369252,,,,,passed
24,0.45,0.7,256,0.48278229020895597,0.0015496027546812508,,,,,passed
24,0.45,0.8,768,0.35974152848061386,0.004354559378452431,256,512,0.3515355836933678,0.005552347340063323,passed
24,0.45,0.85,768,0.21141191935031345,0.005578911221482188,256,512,0.21327940322215444,0.006685064886231063,passed
24,0.45,0.86,512,0.19098185305634055,0.007140254651029437,0,512,0.19098185305634055,0.007140254651029437,passed
24,0.45,0.875,512,0.13784035345383036,0.006568101141649578,0,512,0.13784035345383036,0.006568101141649578,passed
24,0.45,0.89,512,0.09382441908250468,0.005622362487185754,0,512,0.09382441908250468,0.005622362487185754,passed
24,0.45,0.9,256,0.07948976537355909,0.007403794172126103,,,,,passed
24,0.45,0.95,256,0.00969628689049327,0.0031932074300098537,,,,,passed
24,0.45,1,256,4.5536491244391186e-17,5.796277002504335e-18,,,,,passed
24,0.4625,0.85,768,0.2503290779168048,0.005865676217472439,0,768,0.2503290779168048,0.005865676217472439,passed
24,0.475,0.85,768,0.24814418939083804,0.005697503760667119,0,768,0.24814418939083804,0.005697503760667119,passed
24,0.475,0.86,768,0.1938570874096098,0.005627714545109909,0,768,0.1938570874096098,0.005627714545109909,passed
24,0.475,0.875,768,0.16104981135289517,0.0055787824898130564,0,768,0.16104981135289517,0.0055787824898130564,passed
24,0.4875,0.85,768,0.2625330067196767,0.005453212614968577,0,768,0.2625330067196767,0.005453212614968577,passed
24,0.5,0,256,0.5,0.0,,,,,passed
24,0.5,0.1,256,0.4999999999999999,6.7875817001581734e-18,,,,,passed
24,0.5,0.2,256,0.49999999999999317,5.6233980670888565e-15,,,,,passed
24,0.5,0.3,256,0.4999999999707463,8.828643393759372e-12,,,,,passed
24,0.5,0.4,256,0.4999998541502213,1.0711639899414718e-07,,,,,passed
24,0.5,0.5,256,0.49999497734388204,8.918058354418482e-07,,,,,passed
24,0.5,0.6,256,0.4997776304347639,3.393396529063481e-05,,,,,passed
24,0.5,0.7,256,0.4919653154882143,0.000912243034783361,,,,,passed
24,0.5,0.8,256,0.38689709030670216,0.006877228862711176,,,,,passed
24,0.5,0.85,1536,0.26957954462094474,0.0038464788248182987,256,1280,0.27193091571316186,0.00420772144466736,passed
24,0.5,0.86,1536,0.23536415581622147,0.004012985105085669,0,1536,0.23536415581622147,0.004012985105085669,passed
24,0.5,0.875,1536,0.18766384737542077,0.00400569890847366,0,1536,0.18766384737542077,0.00400569890847366,passed
24,0.5,0.89,512,0.13079978505666495,0.006441051606518835,0,512,0.13079978505666495,0.006441051606518835,passed
24,0.5,0.9,256,0.10684641789981608,0.008592216709115192,,,,,passed
24,0.5,0.95,256,0.015919046481482825,0.003459479030182631,,,,,passed
24,0.5,1,256,2.168404344971009e-17,3.536404041554759e-18,,,,,passed
24,0.5125,0.85,768,0.26973512670517247,0.005648011752454943,0,768,0.26973512670517247,0.005648011752454943,passed
24,0.525,0.85,1536,0.2725725028398038,0.003901945151604515,0,1536,0.2725725028398038,0.003901945151604515,passed
24,0.525,0.86,1536,0.23734601482284423,0.004000923129539046,0,1536,0.23734601482284423,0.004000923129539046,passed
24,0.525,0.875,1536,0.18600019798947728,0.004020841461798542,0,1536,0.18600019798947728,0.004020841461798542,passed
24,0.5375,0.85,768,0.2756245824063493,0.005383315292665591,0,768,0.2756245824063493,0.005383315292665591,passed
24,0.55,0,256,0.4999999999999999,7.425258586380341e-18,,,,,passed
24,0.55,0.1,256,0.49999999999999994,8.537167635039848e-18,,,,,passed
24,0.55,0.2,256,0.49999999999999994,8.841385510358432e-18,,,,,passed
24,0.55,0.3,256,0.4999999999993563,4.219172504322833e-13,,,,,passed
24,0.55,0.4,256,0.49999999394818373,2.3973310876533603e-09,,,,,passed
24,0.55,0.5,256,0.499998608824621,3.3140385249308166e-07,,,,,passed
24,0.55,0.6,256,0.4998209450769435,3.4862870566312574e-05,,,,,passed
24,0.55,0.7,256,0.4948387693349854,0.0005391486278490328,,,,,passed
24,0.55,0.8,256,0.4115192453352858,0.005784031970555832,,,,,passed
24,0.55,0.85,1536,0.2728380404729957,0.003894793862376716,256,1280,0.27326649355740057,0.00429285150042673,passed
24,0.55,0.86,1536,0.23657070212916373,0.0040119783167407025,0,1536,0.23657070212916373,0.0040119783167407025,passed
24,0.55,0.875,1536,0.18460376323356406,0.00401221665666604,0,1536,0.18460376323356406,0.00401221665666604,passed
24,0.55,0.89,512,0.13601694547704074,0.006581739343792919,0,512,0.13601694547704074,0.006581739343792919,passed
24,0.55,0.9,256,0.09166156630566233,0.007947211565166316,,,,,passed
24,0.55,0.95,256,0.014125609221963795,0.0036218443449632706,,,,,passed
24,0.55,1,256,4.7271214720367993e-17,5.93559359402226e-18,,,,,passed
24,0.575,0.85,768,0.2572083846497254,0.005685922924288671,0,768,0.2572083846497254,0.005685922924288671,passed
24,0.575,0.86,768,0.22423829278832694,0.005695160383982596,0,768,0.22423829278832694,0.005695160383982596,passed
24,0.575,0.875,768,0.17069195285868252,0.005581393143302844,0,768,0.17069195285868252,0.005581393143302844,passed
24,0.6,0,256,0.4999999999999991,9.526032089997252e-17,,,,,passed
24,0.6,0.1,256,0.49999999999999156,1.939458535197484e-15,,,,,passed
24,0.6,0.2,256,0.49999999999975747,1.5240526068037188e-13,,,,,passed
24,0.6,0.3,256,0.49999999999860123,1.3681514469129103e-12,,,,,passed
24,0.6,0.4,256,0.4999999991081374,6.219831477062229e-10,,,,,passed
24,0.6,0.5,256,0.49999873811385076,4.935205867941017e-07,,,,,passed
24,0.6,0.6,256,0.49972407536745633,6.522126493485604e-05,,,,,passed
24,0.6,0.7,256,0.4888007624714793,0.001659926767884398,,,,,passed
24,0.6,0.8,768,0.384456408731822,0.00425192664048599,256,512,0.38543177731100553,0.005175570221940068,passed
24,0.6,0.85,768,0.23619570212116436,0.005588464186590835,256,512,0.23952951209462184,0.006860287672206362,passed
24,0.6,0.86,512,0.2188719318122698,0.006759317999012013,0,512,0.2188719318122698,0.006759317999012013,passed
24,0.6,0.875,512,0.15421726274984102,0.006875323209878674,0,512,0.15421726274984102,0.006875323209878674,passed
24,0.6,0.89,512,0.10994172874260788,0.006117231714197436,0,512,0.10994172874260788,0.006117231714197436,passed
24,0.6,0.9,256,0.0782200579224073,0.007585124110236551,,,,,passed
24,0.6,0.95,256,0.0061595611217198035,0.0023384044824902054,,,,,passed
24,0.6,1,256,4.85722573273506e-17,5.51357256735812e-18,,,,,passed
24,0.6125,0.8,768,0.3786077378723836,0.00424102459033656,0,768,0.3786077378723836,0.00424102459033656,passed
24,0.6125,0.85,768,0.23809387026386897,0.005764456968016967,0,768,0.23809387026386897,0.005764456968016967,passed
24,0.625,0.8,768,0.37428804838010715,0.00427690393142189,0,768,0.37428804838010715,0.00427690393142189,passed
24,0.625,0.85,768,0.2104788985221667,0.005846675244762789,0,768,0.2104788985221667,0.005846675244762789,passed
24,0.6375,0.8,768,0.35511685981745705,0.004722683127284942,0,768,0.35511685981745705,0.004722683127284942,passed
24,0.6375,0.85,768,0.19320183682293654,0.005651551185209553,0,768,0.19320183682293654,0.005651551185209553,passed
24,0.65,0,256,0.4999999998825558,1.9082291606363114e-11,,,,,passed
24,0.65,0.1,256,0.4999999992258982,1.4333452080804587e-10,,,,,passed
24,0.65,0.2,256,0.4999999985978884,2.8822512953899127e-10,,,,,passed
24,0.65,0.3,256,0.49999999032843145,2.3590079158281596e-09,,,,,passed
24,0.65,0.4,256,0.4999999226265194,5.072739730002196e-08,,,,,passed
24,0.65,0.5,256,0.49999828343984765,6.165148675250227e-07,,,,,passed
24,0.65,0.6,256,0.49943849842415483,9.317737602974477e-05,,,,,passed
24,0.65,0.7,256,0.48295791894320006,0.0023948513980890504,,,,,passed
24,0.65,0.8,768,0.32338880107853946,0.005049618842960123,256,512,0.32377683712986405,0.0062990806949712605,passed
24,0.65,0.85,768,0.1678698630227539,0.005759755354299152,256,512,0.1646100749058671,0.006976924930628812,passed
24,0.65,0.86,512,0.14117401595986917,0.006765219431360271,0,512,0.14117401595986917,0.006765219431360271,passed
24,0.65,0.875,512,0.10311196692409084,0.0063511105150971725,0,512,0.10311196692409084,0.0063511105150971725,passed
24,0.65,0.89,512,0.06139726720342517,0.005098863880908398,0,512,0.06139726720342517,0.005098863880908398,passed
24,0.65,0.9,256,0.04257660567347357,0.005924523418077079,,,,,passed
24,0.65,0.95,256,0.004142730421069833,0.0022234287700173255,,,,,passed
24,0.65,1,256,3.859759734048396e-17,4.917275273125423e-18,,,,,passed
24,0.6625,0.8,768,0.3014105649397755,0.005648806471039942,0,768,0.3014105649397755,0.005648806471039942,passed
24,0.675,0.8,768,0.2769263903446669,0.00582314064080142,0,768,0.2769263903446669,0.00582314064080142,passed
24,0.6875,0.8,768,0.2409649770671407,0.0061096951108790066,0,768,0.2409649770671407,0.0061096951108790066,passed
24,0.7,0,256,0.49999944575241534,7.747666375022572e-08,,,,,passed
24,0.7,0.1,256,0.4999980350009985,4.6179719908545564e-07,,,,,passed
24,0.7,0.2,256,0.4999949397533431,9.394514719358062e-07,,,,,passed
24,0.7,0.3,256,0.4999823518093666,6.221163628759918e-06,,,,,passed
24,0.7,0.4,256,0.4999566291254681,7.3004529283525564e-06,,,,,passed
24,0.7,0.5,256,0.4990325664283021,0.0003059055676710409,,,,,passed
24,0.7,0.6,256,0.4927525678331248,0.0015513916003330995,,,,,passed
24,0.7,0.7,768,0.4375040640462851,0.0034549546854927247,256,512,0.438938630171296,0.004137923205718585,passed
24,0.7,0.8,768,0.19974783302118085,0.006052195147963409,256,512,0.19739413411700327,0.007272412269870741,passed
24,0.7,0.85,256,0.08048536715553051,0.008409009322695813,,,,,passed
24,0.7,0.86,512,0.0602852511050859,0.00515019013998802,0,512,0.0602852511050859,0.00515019013998802,passed
24,0.7,0.875,512,0.03423745093208359,0.004011389050097515,0,512,0.03423745093208359,0.004011389050097515,passed
24,0.7,0.89,512,0.02529949927998562,0.0033156000276443596,0,512,0.02529949927998562,0.0033156000276443596,passed
24,0.7,0.9,256,0.0170774361932016,0.0038614602794406366,,,,,passed
24,0.7,0.95,256,0.001637515089127628,0.001143175151881017,,,,,passed
24,0.7,1,256,3.382710778154774e-17,4.920648995856116e-18,,,,,passed
24,0.7125,0.7,768,0.41503594455464016,0.0042669635397935704,0,768,0.41503594455464016,0.0042669635397935704,passed
24,0.725,0.7,768,0.38292782945146664,0.0052741251922908145,0,768,0.38292782945146664,0.0052741251922908145,passed
24,0.725,0.8,768,0.1188630728219099,0.005383827150683263,0,768,0.1188630728219099,0.005383827150683263,passed
24,0.7375,0.7,768,0.3444533816036827,0.005995805314385663,0,768,0.3444533816036827,0.005995805314385663,passed
24,0.75,0,256,0.49949923817213676,8.430216774821053e-05,,,,,passed
24,0.75,0.1,256,0.49922947730484973,8.535158335502054e-05,,,,,passed
24,0.75,0.2,256,0.4981501049268708,0.0003259110474514289,,,,,passed
24,0.75,0.3,256,0.49613439805996085,0.0004811449878601761,,,,,passed
24,0.75,0.4,256,0.4908712327039523,0.0008976382199682843,,,,,passed
24,0.75,0.5,768,0.4780199992967959,0.0015875227548337433,256,512,0.47905383302446625,0.0018546678168422303,passed
24,0.75,0.6,768,0.4268765492919122,0.004075484196547691,256,512,0.42921589308394076,0.0048051493039486005,passed
24,0.75,0.7,768,0.2684667262225413,0.006801898909528824,256,512,0.2684144428621405,0.008341658944578502,passed
24,0.75,0.8,256,0.08474229392796852,0.009274901134024348,,,,,passed
24,0.75,0.85,256,0.017512762947062804,0.004441181771051501,,,,,passed
24,0.75,0.86,512,0.012008895374159438,0.002468514740463796,0,512,0.012008895374159438,0.002468514740463796,passed
24,0.75,0.875,512,0.006834241086532133,0.0020519579635842307,0,512,0.006834241086532133,0.0020519579635842307,passed
24,0.75,0.89,512,0.006485483353384919,0.0018847400508036382,0,512,0.006485483353384919,0.0018847400508036382,passed
24,0.75,0.9,256,0.0017109218900405415,0.0009440444439157913,,,,,passed
24,0.75,0.95,256,1.7180621066509305e-06,1.183530944803122e-06,,,,,passed
24,0.75,1,256,3.382710778154774e-17,4.7646881588100095e-18,,,,,passed
24,0.7625,0.5,768,0.4477924783980803,0.0025935567389115516,0,768,0.4477924783980803,0.0025935567389115516,passed
24,0.7625,0.6,768,0.36710103898974983,0.0054071295740144186,0,768,0.36710103898974983,0.0054071295740144186,passed
24,0.775,0.5,768,0.40043758357648485,0.004128058946869029,0,768,0.40043758357648485,0.004128058946869029,passed
24,0.775,0.6,768,0.29736800470893526,0.006195967489633806,0,768,0.29736800470893526,0.006195967489633806,passed
24,0.775,0.7,768,0.14285910398462076,0.006485700445569612,0,768,0.14285910398462076,0.006485700445569612,passed
24,0.7875,0.5,768,0.3244243686274262,0.005363302818203402,0,768,0.3244243686274262,0.005363302818203402,passed
24,0.7875,0.6,768,0.19754141171972237,0.00637249535691368,0,768,0.19754141171972237,0.00637249535691368,passed
24,0.8,0,768,0.44423164019057165,0.0022904085747646277,256,512,0.4448384692282323,0.0027622294576095494,passed
24,0.8,0.1,768,0.42753367473281073,0.0029653988318636797,256,512,0.4289420030278187,0.0034693807143128127,passed
24,0.8,0.2,768,0.4076658568897665,0.003480828441438286,256,512,0.408252107810398,0.004322639584451899,passed
24,0.8,0.3,768,0.3742930437528182,0.004307125127938825,256,512,0.37187375220647106,0.005316077935007932,passed
24,0.8,0.4,768,0.3049385732780834,0.005503273953338899,256,512,0.30083710048643253,0.006724029999003647,passed
24,0.8,0.5,768,0.22490233648179916,0.006130153151235943,256,512,0.22820157594559481,0.007537762638864146,passed
24,0.8,0.6,768,0.12732493225160366,0.005755171083458608,256,512,0.12938915151206842,0.007128753852016583,passed
24,0.8,0.7,256,0.04883079641590257,0.00769399467813738,,,,,passed
24,0.8,0.8,256,0.0028353804614810883,0.0013590366323879208,,,,,passed
24,0.8,0.85,256,3.7236758988069395e-05,3.723675898803238e-05,,,,,passed
24,0.8,0.9,256,3.5128150388530344e-17,4.747552144778433e-18,,,,,passed
24,0.8,0.95,256,1.5050262063519282e-08,1.5050262034348718e-08,,,,,passed
24,0.8,1,256,1.1275702593849246e-17,2.6559503859368363e-18,,,,,passed
24,0.8125,0,768,0.3837570893699134,0.003941812096995219,0,768,0.3837570893699134,0.003941812096995219,passed
24,0.8125,0.1,768,0.3668379456487905,0.004217194717729371,0,768,0.3668379456487905,0.004217194717729371,passed
24,0.8125,0.2,768,0.3205557377329988,0.004956098893821723,0,768,0.3205557377329988,0.004956098893821723,passed
24,0.8125,0.3,768,0.2723606383920752,0.005551961051147974,0,768,0.2723606383920752,0.005551961051147974,passed
24,0.8125,0.4,768,0.20344325830542084,0.005758089158514384,0,768,0.20344325830542084,0.005758089158514384,passed
24,0.825,0,768,0.2922001547554031,0.005336335527531244,0,768,0.2922001547554031,0.005336335527531244,passed
24,0.825,0.1,768,0.27232975343711147,0.005492095703929959,0,768,0.27232975343711147,0.005492095703929959,passed
24,0.825,0.2,768,0.21663535378980123,0.00578411636320013,0,768,0.21663535378980123,0.00578411636320013,passed
24,0.825,0.3,768,0.17908304182514456,0.005682812625653523,0,768,0.17908304182514456,0.005682812625653523,passed
24,0.825,0.4,768,0.12101252910206217,0.005198863509848921,0,768,0.12101252910206217,0.005198863509848921,passed
24,0.825,0.5,768,0.0695354279401241,0.004408872634720214,0,768,0.0695354279401241,0.004408872634720214,passed
24,0.8375,0,768,0.1860316305966817,0.005711012820791296,0,768,0.1860316305966817,0.005711012820791296,passed
24,0.8375,0.1,768,0.15063494881650188,0.00561642998323395,0,768,0.15063494881650188,0.00561642998323395,passed
24,0.8375,0.2,768,0.11568889065656902,0.0051100587145542,0,768,0.11568889065656902,0.0051100587145542,passed
24,0.8375,0.3,768,0.08765681708229785,0.004801064198228992,0,768,0.08765681708229785,0.004801064198228992,passed
24,0.8375,0.4,768,0.0485033784902294,0.0034521474152303085,0,768,0.0485033784902294,0.0034521474152303085,passed
24,0.85,0,768,0.09396530299265639,0.004765238824535867,256,512,0.09085816586229861,0.005739733321152574,passed
24,0.85,0.1,768,0.07079409302572741,0.00424810917173996,256,512,0.07604530190139983,0.0054156269866695046,passed
24,0.85,0.2,768,0.05626011946773615,0.004073627362977236,256,512,0.05664387957137411,0.004998365973196617,passed
24,0.85,0.3,768,0.02480201746618005,0.0025639644424181197,256,512,0.021453136699846567,0.002814554594647392,passed
24,0.85,0.4,768,0.016679741025499458,0.0022347556178823292,256,512,0.01549243995860142,0.0025001671222852993,passed
24,0.85,0.5,256,0.0050451083378252925,0.002268057955572458,,,,,passed
24,0.85,0.6,256,0.0008537288263072034,0.0004610124829709857,,,,,passed
24,0.85,0.7,256,4.001547188358604e-05,3.775605042728656e-05,,,,,passed
24,0.85,0.8,256,2.7321894746634712e-17,4.0178460608578965e-18,,,,,passed
24,0.85,0.85,256,4.336808689942018e-17,5.121885870212313e-18,,,,,passed
24,0.85,0.9,256,4.119968255444917e-17,5.025285153336853e-18,,,,,passed
24,0.85,0.95,256,2.6454533008646308e-17,3.945977250877792e-18,,,,,passed
24,0.85,1,256,1.0842021724855044e-17,2.479436420986061e-18,,,,,passed
24,0.9,0,256,4.7116461281311584e-07,2.1695542973604523e-07,,,,,passed
24,0.9,0.1,256,5.619633557600156e-05,5.176666061192936e-05,,,,,passed
24,0.9,0.2,256,9.342307843017384e-05,8.644067395819765e-05,,,,,passed
24,0.9,0.3,256,1.065691845689859e-07,6.983473151183822e-08,,,,,passed
24,0.9,0.4,256,4.4722086222411667e-07,4.0281504811568796e-07,,,,,passed
24,0.9,0.5,256,1.9705538849973392e-11,1.719759168544532e-11,,,,,passed
24,0.9,0.6,256,2.862293735361732e-17,3.502874921918679e-18,,,,,passed
24,0.9,0.7,256,2.992397996059992e-17,3.9444816418788354e-18,,,,,passed
24,0.9,0.8,256,3.3393426912553537e-17,4.025915137710155e-18,,,,,passed
24,0.9,0.85,256,2.6454533008646308e-17,3.2651957480172227e-18,,,,,passed
24,0.9,0.9,256,2.7321894746634712e-17,3.4075632201919417e-18,,,,,passed
24,0.9,0.95,256,2.2985086056692694e-17,2.883244014823445e-18,,,,,passed
24,0.9,1,256,2.7321894746634712e-17,3.351694165220927e-18,,,,,passed
24,0.95,0,256,5.854691731421724e-17,6.172910567654068e-18,,,,,passed
24,0.95,0.1,256,5.421010862427522e-17,6.618068246550732e-18,,,,,passed
24,0.95,0.2,256,6.678685382510707e-17,6.317291468965928e-18,,,,,passed
24,0.95,0.3,256,4.206704429243757e-17,5.1091257420240456e-18,,,,,passed
24,0.95,0.4,256,3.2959746043559335e-17,4.2892684023130915e-18,,,,,passed
24,0.95,0.5,256,2.862293735361732e-17,3.502874921918679e-18,,,,,passed
24,0.95,0.6,256,2.6454533008646308e-17,3.4342980709537083e-18,,,,,passed
24,0.95,0.7,256,2.3418766925686896e-17,3.382907008150481e-18,,,,,passed
24,0.95,0.8,256,1.9949319973733282e-17,3.0021734314755685e-18,,,,,passed
24,0.95,0.85,256,1.474514954580286e-17,2.5884437820398887e-18,,,,,passed
24,0.95,0.9,256,1.7780915628762273e-17,2.763066443785933e-18,,,,,passed
24,0.95,0.95,256,2.2985086056692694e-17,2.9480043031590182e-18,,,,,passed
24,0.95,1,256,7.37257477290143e-18,2.0321483457127075e-18,,,,,passed
24,1.0,0,0,0.0,0.0,,,,,analytic_deterministic_prior
24,1.0,0.1,0,0.0,0.0,,,,,analytic_deterministic_prior
24,1.0,0.2,0,0.0,0.0,,,,,analytic_deterministic_prior
24,1.0,0.3,0,0.0,0.0,,,,,analytic_deterministic_prior
24,1.0,0.4,0,0.0,0.0,,,,,analytic_deterministic_prior
24,1.0,0.5,0,0.0,0.0,,,,,analytic_deterministic_prior
24,1.0,0.6,0,0.0,0.0,,,,,analytic_deterministic_prior
24,1.0,0.7,0,0.0,0.0,,,,,analytic_deterministic_prior
24,1.0,0.8,0,0.0,0.0,,,,,analytic_deterministic_prior
24,1.0,0.85,0,0.0,0.0,,,,,analytic_deterministic_prior
24,1.0,0.9,0,0.0,0.0,,,,,analytic_deterministic_prior
24,1.0,0.95,0,0.0,0.0,,,,,analytic_deterministic_prior
24,1.0,1,0,0.0,0.0,,,,,analytic_deterministic_prior
32,0.1,0.1,768,1.195689377900671e-07,1.169157959031068e-07,0,768,1.195689377900671e-07,1.169157959031068e-07,passed
32,0.1125,0.1,768,9.869663442622044e-06,6.904048244628401e-06,0,768,9.869663442622044e-06,6.904048244628401e-06,passed
32,0.125,0.1,768,0.0023366047405530958,0.0009437842674004489,0,768,0.0023366047405530958,0.0009437842674004489,passed
32,0.125,0.6,768,4.035825175210025e-11,3.8761235475951336e-11,0,768,4.035825175210025e-11,3.8761235475951336e-11,passed
32,0.1375,0.1,768,0.004710549793384369,0.0011067752585901165,0,768,0.004710549793384369,0.0011067752585901165,passed
32,0.15,0,768,0.064062824820667,0.0041279272607533364,0,768,0.064062824820667,0.0041279272607533364,passed
32,0.15,0.1,768,0.03673572437441259,0.003318738878420847,0,768,0.03673572437441259,0.003318738878420847,passed
32,0.15,0.2,768,0.013734971364187212,0.00209816888691987,0,768,0.013734971364187212,0.00209816888691987,passed
32,0.15,0.3,768,0.003953643419035392,0.000964792259188225,0,768,0.003953643419035392,0.000964792259188225,passed
32,0.15,0.6,768,4.9537086892117305e-08,3.721478546343611e-08,0,768,4.9537086892117305e-08,3.721478546343611e-08,passed
32,0.1625,0,768,0.16721638085958504,0.005513937232403514,0,768,0.16721638085958504,0.005513937232403514,passed
32,0.1625,0.1,768,0.10404393733789256,0.004928321241753179,0,768,0.10404393733789256,0.004928321241753179,passed
32,0.1625,0.2,768,0.050926107132176386,0.003740767334609341,0,768,0.050926107132176386,0.003740767334609341,passed
32,0.1625,0.3,768,0.02112565532986897,0.002571741141697855,0,768,0.02112565532986897,0.002571741141697855,passed
32,0.1625,0.6,768,2.2316531540193314e-05,2.1725372987549425e-05,0,768,2.2316531540193314e-05,2.1725372987549425e-05,passed
32,0.175,0,768,0.3099462296495788,0.005251490784567253,0,768,0.3099462296495788,0.005251490784567253,passed
32,0.175,0.1,768,0.20761371289752786,0.005579617878403178,0,768,0.20761371289752786,0.005579617878403178,passed
32,0.175,0.2,768,0.11982092342010264,0.005086786415374975,0,768,0.11982092342010264,0.005086786415374975,passed
32,0.175,0.3,768,0.054353404264122974,0.0038537121739976757,0,768,0.054353404264122974,0.0038537121739976757,passed
32,0.175,0.4,768,0.01645160711636227,0.002094660079695452,0,768,0.01645160711636227,0.002094660079695452,passed
32,0.175,0.6,768,0.00017276978656185325,0.00010470430751774638,0,768,0.00017276978656185325,0.00010470430751774638,passed
32,0.1875,0,768,0.41301090540767554,0.003300852797972097,0,768,0.41301090540767554,0.003300852797972097,passed
32,0.1875,0.1,768,0.32590828834779484,0.004956393045519691,0,768,0.32590828834779484,0.004956393045519691,passed
32,0.1875,0.2,768,0.231753782501361,0.005707651683589987,0,768,0.231753782501361,0.005707651683589987,passed
32,0.1875,0.3,768,0.1252707038046309,0.005203455816363063,0,768,0.1252707038046309,0.005203455816363063,passed
32,0.1875,0.6,768,0.001827431049015382,0.0007064391778667083,0,768,0.001827431049015382,0.0007064391778667083,passed
32,0.2,0,768,0.4707731970935541,0.0015743998426412337,0,768,0.4707731970935541,0.0015743998426412337,passed
32,0.2,0.1,768,0.4208455402080293,0.002967811057203117,0,768,0.4208455402080293,0.002967811057203117,passed
32,0.2,0.2,768,0.33776523652717133,0.0048199711822593605,0,768,0.33776523652717133,0.0048199711822593605,passed
32,0.2,0.3,768,0.21820898768710584,0.005500435918444324,0,768,0.21820898768710584,0.005500435918444324,passed
32,0.2,0.4,768,0.12109287295483828,0.005225434743679107,0,768,0.12109287295483828,0.005225434743679107,passed
32,0.2,0.5,768,0.03340791443686549,0.0031004415134120123,0,768,0.03340791443686549,0.0031004415134120123,passed
32,0.2,0.6,768,0.006666576785553998,0.0013713606288689258,0,768,0.006666576785553998,0.0013713606288689258,passed
32,0.2125,0.3,768,0.32435825981532335,0.0048294929193863885,0,768,0.32435825981532335,0.0048294929193863885,passed
32,0.2125,0.4,768,0.19920210081154643,0.005927140398325193,0,768,0.19920210081154643,0.005927140398325193,passed
32,0.2125,0.5,768,0.07352078342259839,0.004157472991655924,0,768,0.07352078342259839,0.004157472991655924,passed
32,0.225,0.3,768,0.41013869641749207,0.003398759530563165,0,768,0.41013869641749207,0.003398759530563165,passed
32,0.225,0.4,768,0.28384915132923005,0.0055203523668063866,0,768,0.28384915132923005,0.0055203523668063866,passed
32,0.225,0.5,768,0.14596818022029046,0.005386383519783953,0,768,0.14596818022029046,0.005386383519783953,passed
32,0.2375,0.3,768,0.4590850390923964,0.0019057206938562273,0,768,0.4590850390923964,0.0019057206938562273,passed
32,0.2375,0.4,768,0.3719764771169989,0.004221471699014823,0,768,0.3719764771169989,0.004221471699014823,passed
32,0.2375,0.5,768,0.23566515052296366,0.005744769844988316,0,768,0.23566515052296366,0.005744769844988316,passed
32,0.25,0.3,768,0.48101769426768276,0.0010386800595794956,0,768,0.48101769426768276,0.0010386800595794956,passed
32,0.25,0.4,768,0.43301634307810594,0.0027940977729568927,0,768,0.43301634307810594,0.0027940977729568927,passed
32,0.25,0.5,768,0.3139156098341531,0.0050046109500021755,0,768,0.3139156098341531,0.0050046109500021755,passed
32,0.25,0.6,768,0.14931269564858504,0.0054431785837671404,0,768,0.14931269564858504,0.0054431785837671404,passed
32,0.25,0.7,768,0.03321682299105919,0.0030519441244554637,0,768,0.03321682299105919,0.0030519441244554637,passed
32,0.2625,0.6,768,0.21156359336895694,0.0057416662901730465,0,768,0.21156359336895694,0.0057416662901730465,passed
32,0.2625,0.7,768,0.07005961135312865,0.004571471960708738,0,768,0.07005961135312865,0.004571471960708738,passed
32,0.275,0.6,768,0.2917310630590846,0.005310173612790977,0,768,0.2917310630590846,0.005310173612790977,passed
32,0.275,0.7,768,0.11041891411186588,0.005129275052246928,0,768,0.11041891411186588,0.005129275052246928,passed
32,0.2875,0.6,768,0.3512720007916696,0.004542885734300344,0,768,0.3512720007916696,0.004542885734300344,passed
32,0.2875,0.7,768,0.1592316037129455,0.0055012687483188445,0,768,0.1592316037129455,0.0055012687483188445,passed
32,0.3,0.6,768,0.4009703596059823,0.0036277459769540883,0,768,0.4009703596059823,0.0036277459769540883,passed
32,0.3,0.7,768,0.20940634120750948,0.005640240575297411,0,768,0.20940634120750948,0.005640240575297411,passed
32,0.3125,0.7,768,0.26718573539086315,0.005531203300700022,0,768,0.26718573539086315,0.005531203300700022,passed
32,0.325,0.7,768,0.321941471539584,0.004898241983985803,0,768,0.321941471539584,0.004898241983985803,passed
32,0.325,0.8,768,0.09256128387073914,0.004843064741341011,0,768,0.09256128387073914,0.004843064741341011,passed
32,0.3375,0.7,768,0.3697603046934814,0.004117380414774204,0,768,0.3697603046934814,0.004117380414774204,passed
32,0.35,0.7,768,0.39806374173429426,0.003681146342039839,0,768,0.39806374173429426,0.003681146342039839,passed
32,0.35,0.8,768,0.16121481006337124,0.005653630567253461,0,768,0.16121481006337124,0.005653630567253461,passed
32,0.35,0.86,512,0.03159411286902328,0.00362188690012737,0,512,0.03159411286902328,0.00362188690012737,passed
32,0.35,0.875,512,0.020398491779540194,0.0030885872730669864,0,512,0.020398491779540194,0.0030885872730669864,passed
32,0.35,0.89,512,0.011793997498841632,0.0020854561200463087,0,512,0.011793997498841632,0.0020854561200463087,passed
32,0.3625,0.8,768,0.19356591585685898,0.005594157102478065,0,768,0.19356591585685898,0.005594157102478065,passed
32,0.375,0.8,768,0.2200133328398739,0.005458960594134119,0,768,0.2200133328398739,0.005458960594134119,passed
32,0.3875,0.8,768,0.27237252987794563,0.005600569822560413,0,768,0.27237252987794563,0.005600569822560413,passed
32,0.4,0.8,768,0.303013888764707,0.005307079097537303,0,768,0.303013888764707,0.005307079097537303,passed
32,0.4,0.86,512,0.1038219584961689,0.005965413359937466,0,512,0.1038219584961689,0.005965413359937466,passed
32,0.4,0.875,512,0.080123065353434,0.005603862785937803,0,512,0.080123065353434,0.005603862785937803,passed
32,0.4,0.89,512,0.043523288274769464,0.004368592950412277,0,512,0.043523288274769464,0.004368592950412277,passed
32,0.4125,0.8,768,0.32473370002587876,0.004893795019574312,0,768,0.32473370002587876,0.004893795019574312,passed
32,0.425,0.8,768,0.34887385023945156,0.00455420925281711,0,768,0.34887385023945156,0.00455420925281711,passed
32,0.425,0.85,768,0.18604609515175716,0.005711036404524201,0,768,0.18604609515175716,0.005711036404524201,passed
32,0.4375,0.8,768,0.3661771118749331,0.004397026100471658,0,768,0.3661771118749331,0.004397026100471658,passed
32,0.45,0.8,768,0.38706281723594294,0.0037698546533206723,0,768,0.38706281723594294,0.0037698546533206723,passed
32,0.45,0.85,768,0.21453777429037957,0.0055777741532178375,0,768,0.21453777429037957,0.0055777741532178375,passed
32,0.45,0.86,512,0.18411065201894108,0.006927346092484625,0,512,0.18411065201894108,0.006927346092484625,passed
32,0.45,0.875,512,0.12177158037198269,0.006322707808714352,0,512,0.12177158037198269,0.006322707808714352,passed
32,0.45,0.89,512,0.09245712848520526,0.005777645225044522,0,512,0.09245712848520526,0.005777645225044522,passed
32,0.4625,0.85,768,0.23457567649309832,0.005639246251068263,0,768,0.23457567649309832,0.005639246251068263,passed
32,0.475,0.85,768,0.2601162763344441,0.005488030994308015,0,768,0.2601162763344441,0.005488030994308015,passed
32,0.475,0.86,768,0.2029861680886257,0.00555077883072424,0,768,0.2029861680886257,0.00555077883072424,passed
32,0.475,0.875,768,0.16034870823677225,0.0055211135408725675,0,768,0.16034870823677225,0.0055211135408725675,passed
32,0.4875,0.85,768,0.2634373862545875,0.00554159461497571,0,768,0.2634373862545875,0.00554159461497571,passed
32,0.5,0.85,1536,0.27076802961459195,0.0038550292667698387,0,1536,0.27076802961459195,0.0038550292667698387,passed
32,0.5,0.86,1536,0.23280227518735397,0.003979863124659321,0,1536,0.23280227518735397,0.003979863124659321,passed
32,0.5,0.875,1536,0.17028041188111787,0.003971454392119076,0,1536,0.17028041188111787,0.003971454392119076,passed
32,0.5,0.89,512,0.12356208449845921,0.006510373268002406,0,512,0.12356208449845921,0.006510373268002406,passed
32,0.5125,0.85,768,0.2817277397974265,0.005399079299348245,0,768,0.2817277397974265,0.005399079299348245,passed
32,0.525,0.85,1536,0.28219706209664513,0.003891869755665333,0,1536,0.28219706209664513,0.003891869755665333,passed
32,0.525,0.86,1536,0.24560232658313566,0.003980709836207664,0,1536,0.24560232658313566,0.003980709836207664,passed
32,0.525,0.875,1536,0.1787725257364188,0.003926833592900828,0,1536,0.1787725257364188,0.003926833592900828,passed
32,0.5375,0.85,768,0.28007278341180214,0.005502244683989298,0,768,0.28007278341180214,0.005502244683989298,passed
32,0.55,0.85,1536,0.28272349632561306,0.003815329513728255,0,1536,0.28272349632561306,0.003815329513728255,passed
32,0.55,0.86,1536,0.2390644813985885,0.003985261354996416,0,1536,0.2390644813985885,0.003985261354996416,passed
32,0.55,0.875,1536,0.1795871423693675,0.004010514531268412,0,1536,0.1795871423693675,0.004010514531268412,passed
32,0.55,0.89,512,0.1092596383785844,0.005932417812523112,0,512,0.1092596383785844,0.005932417812523112,passed
32,0.575,0.85,768,0.2709662487789311,0.005618809691443566,0,768,0.2709662487789311,0.005618809691443566,passed
32,0.575,0.86,768,0.22166511968140204,0.0056640937091409545,0,768,0.22166511968140204,0.0056640937091409545,passed
32,0.575,0.875,768,0.16886181325397362,0.005719641420399847,0,768,0.16886181325397362,0.005719641420399847,passed
32,0.6,0.8,768,0.4160278082721289,0.0033351037451845858,0,768,0.4160278082721289,0.0033351037451845858,passed
32,0.6,0.85,768,0.24586301136267727,0.0056497539321152595,0,768,0.24586301136267727,0.0056497539321152595,passed
32,0.6,0.86,512,0.18314248785586829,0.006912035823235522,0,512,0.18314248785586829,0.006912035823235522,passed
32,0.6,0.875,512,0.141373306016267,0.00667793206689844,0,512,0.141373306016267,0.00667793206689844,passed
32,0.6,0.89,512,0.09129400736972482,0.00575174705875827,0,512,0.09129400736972482,0.00575174705875827,passed
32,0.6125,0.8,768,0.4092088549885289,0.0035276697518711623,0,768,0.4092088549885289,0.0035276697518711623,passed
32,0.6125,0.85,768,0.2321907368216963,0.005608088258864096,0,768,0.2321907368216963,0.005608088258864096,passed
32,0.625,0.8,768,0.3891264118959648,0.003906163661964839,0,768,0.3891264118959648,0.003906163661964839,passed
32,0.625,0.85,768,0.20600717338845076,0.0056640846090311465,0,768,0.20600717338845076,0.0056640846090311465,passed
32,0.6375,0.8,768,0.373331853045159,0.004277099328782426,0,768,0.373331853045159,0.004277099328782426,passed
32,0.6375,0.85,768,0.1988357352460671,0.005809723198598641,0,768,0.1988357352460671,0.005809723198598641,passed
32,0.65,0.8,768,0.35468748228570934,0.004890028385277956,0,768,0.35468748228570934,0.004890028385277956,passed
32,0.65,0.85,768,0.16013143357490398,0.005652109869626923,0,768,0.16013143357490398,0.005652109869626923,passed
32,0.65,0.86,512,0.12482109984341919,0.006803844776956796,0,512,0.12482109984341919,0.006803844776956796,passed
32,0.65,0.875,512,0.08043042295847133,0.005597737958016595,0,512,0.08043042295847133,0.005597737958016595,passed
32,0.65,0.89,512,0.04347542946688683,0.004267081767465525,0,512,0.04347542946688683,0.004267081767465525,passed
32,0.6625,0.8,768,0.31681595786991146,0.0053402293730500025,0,768,0.31681595786991146,0.0053402293730500025,passed
32,0.675,0.8,768,0.2851611881212193,0.005589700667759254,0,768,0.2851611881212193,0.005589700667759254,passed
32,0.6875,0.8,768,0.24554762070655847,0.006010676693893284,0,768,0.24554762070655847,0.006010676693893284,passed
32,0.7,0.7,768,0.4674328110152414,0.002077295677317652,0,768,0.4674328110152414,0.002077295677317652,passed
32,0.7,0.8,768,0.197846210421354,0.006040713977339709,0,768,0.197846210421354,0.006040713977339709,passed
32,0.7,0.86,512,0.0425643438453001,0.004412182356790669,0,512,0.0425643438453001,0.004412182356790669,passed
32,0.7,0.875,512,0.01950214625429257,0.002992286686195329,0,512,0.01950214625429257,0.002992286686195329,passed
32,0.7,0.89,512,0.009451860892236288,0.0021149130262147304,0,512,0.009451860892236288,0.0021149130262147304,passed
32,0.7125,0.7,768,0.43748646437741273,0.0033489646427093704,0,768,0.43748646437741273,0.0033489646427093704,passed
32,0.725,0.7,768,0.4020791573773896,0.004691335812637808,0,768,0.4020791573773896,0.004691335812637808,passed
32,0.725,0.8,768,0.10223742848610758,0.005157036822429623,0,768,0.10223742848610758,0.005157036822429623,passed
32,0.7375,0.7,768,0.3554270491245151,0.005741462283064121,0,768,0.3554270491245151,0.005741462283064121,passed
32,0.75,0.5,768,0.48969942191914423,0.0009381660123396021,0,768,0.48969942191914423,0.0009381660123396021,passed
32,0.75,0.6,768,0.44959268058653895,0.003035640379252695,0,768,0.44959268058653895,0.003035640379252695,passed
32,0.75,0.7,768,0.2766736251556282,0.006800722164180781,0,768,0.2766736251556282,0.006800722164180781,passed
32,0.75,0.86,512,0.004101628206632582,0.001634401330706925,0,512,0.004101628206632582,0.001634401330706925,passed
32,0.75,0.875,512,0.0005216381022691108,0.0002974752489764588,0,512,0.0005216381022691108,0.0002974752489764588,passed
32,0.75,0.89,512,0.0005525589607715774,0.0003041656956204393,0,512,0.0005525589607715774,0.0003041656956204393,passed
32,0.7625,0.5,768,0.46816043273739355,0.0021605846180815947,0,768,0.46816043273739355,0.0021605846180815947,passed
32,0.7625,0.6,768,0.3959346270933322,0.004659290608859828,0,768,0.3959346270933322,0.004659290608859828,passed
32,0.775,0.5,768,0.42413038993492674,0.0035236264898160985,0,768,0.42413038993492674,0.0035236264898160985,passed
32,0.775,0.6,768,0.302217733629569,0.00609432503669691,0,768,0.302217733629569,0.00609432503669691,passed
32,0.775,0.7,768,0.11460513922225786,0.005919088284976623,0,768,0.11460513922225786,0.005919088284976623,passed
32,0.7875,0.5,768,0.3401628802526557,0.005115643527985626,0,768,0.3401628802526557,0.005115643527985626,passed
32,0.7875,0.6,768,0.18146990171988775,0.006272956446022078,0,768,0.18146990171988775,0.006272956446022078,passed
32,0.8,0,768,0.4682031350541875,0.0015451568494389382,0,768,0.4682031350541875,0.0015451568494389382,passed
32,0.8,0.1,768,0.4545549668244091,0.002090709231100512,0,768,0.4545549668244091,0.002090709231100512,passed
32,0.8,0.2,768,0.4364115560709763,0.0026422840960711124,0,768,0.4364115560709763,0.0026422840960711124,passed
32,0.8,0.3,768,0.401399012765068,0.003658255768331006,0,768,0.401399012765068,0.003658255768331006,passed
32,0.8,0.4,768,0.33279821957480893,0.004946206580947895,0,768,0.33279821957480893,0.004946206580947895,passed
32,0.8,0.5,768,0.2309851732640221,0.0058385697808809554,0,768,0.2309851732640221,0.0058385697808809554,passed
32,0.8,0.6,768,0.11179424330322248,0.005422758178314369,0,768,0.11179424330322248,0.005422758178314369,passed
32,0.8125,0,768,0.41696997793286533,0.0031919014402698445,0,768,0.41696997793286533,0.0031919014402698445,passed
32,0.8125,0.1,768,0.3885620706700703,0.0039051021072491667,0,768,0.3885620706700703,0.0039051021072491667,passed
32,0.8125,0.2,768,0.33485883473344086,0.004683343605814966,0,768,0.33485883473344086,0.004683343605814966,passed
32,0.8125,0.3,768,0.2910628561784698,0.005401484011855344,0,768,0.2910628561784698,0.005401484011855344,passed
32,0.8125,0.4,768,0.21273955704632,0.0057452539262695355,0,768,0.21273955704632,0.0057452539262695355,passed
32,0.825,0,768,0.3016703090356836,0.00521173156205896,0,768,0.3016703090356836,0.00521173156205896,passed
32,0.825,0.1,768,0.26674092877480393,0.005377510840272325,0,768,0.26674092877480393,0.005377510840272325,passed
32,0.825,0.2,768,0.2331345734098297,0.005699174390030432,0,768,0.2331345734098297,0.005699174390030432,passed
32,0.825,0.3,768,0.1574978047451956,0.005416404509178207,0,768,0.1574978047451956,0.005416404509178207,passed
32,0.825,0.4,768,0.10042244567065904,0.004943832590935642,0,768,0.10042244567065904,0.004943832590935642,passed
32,0.825,0.5,768,0.04984819078360453,0.0036842777709173366,0,768,0.04984819078360453,0.0036842777709173366,passed
32,0.8375,0,768,0.1803470811165461,0.005732857310586467,0,768,0.1803470811165461,0.005732857310586467,passed
32,0.8375,0.1,768,0.15121083568377247,0.005541821804052963,0,768,0.15121083568377247,0.005541821804052963,passed
32,0.8375,0.2,768,0.10592480410823746,0.0050905241286318525,0,768,0.10592480410823746,0.0050905241286318525,passed
32,0.8375,0.3,768,0.06940998363092941,0.004250746854916274,0,768,0.06940998363092941,0.004250746854916274,passed
32,0.8375,0.4,768,0.03318919576858092,0.0030939186552082026,0,768,0.03318919576858092,0.0030939186552082026,passed
32,0.85,0,768,0.06695239019733588,0.0040914353106780415,0,768,0.06695239019733588,0.0040914353106780415,passed
32,0.85,0.1,768,0.049855333294327536,0.0036860968489344733,0,768,0.049855333294327536,0.0036860968489344733,passed
32,0.85,0.2,768,0.03154217440927797,0.0028179843714168156,0,768,0.03154217440927797,0.0028179843714168156,passed
32,0.85,0.3,768,0.02107123512268733,0.0024960522015108418,0,768,0.02107123512268733,0.0024960522015108418,passed
32,0.85,0.4,768,0.007088901954327133,0.0014742397013083693,0,768,0.007088901954327133,0.0014742397013083693,passed
8,0.0,0,0,0.0,0.0,,,,,analytic_deterministic_prior
8,0.0,0.1,0,0.0,0.0,,,,,analytic_deterministic_prior
8,0.0,0.2,0,0.0,0.0,,,,,analytic_deterministic_prior
8,0.0,0.3,0,0.0,0.0,,,,,analytic_deterministic_prior
8,0.0,0.4,0,0.0,0.0,,,,,analytic_deterministic_prior
8,0.0,0.5,0,0.0,0.0,,,,,analytic_deterministic_prior
8,0.0,0.6,0,0.0,0.0,,,,,analytic_deterministic_prior
8,0.0,0.7,0,0.0,0.0,,,,,analytic_deterministic_prior
8,0.0,0.8,0,0.0,0.0,,,,,analytic_deterministic_prior
8,0.0,0.85,0,0.0,0.0,,,,,analytic_deterministic_prior
8,0.0,0.9,0,0.0,0.0,,,,,analytic_deterministic_prior
8,0.0,0.95,0,0.0,0.0,,,,,analytic_deterministic_prior
8,0.0,1,0,0.0,0.0,,,,,analytic_deterministic_prior
8,0.05,0,256,1.4244520437682161e-05,8.640977134949077e-06,,,,,passed
8,0.05,0.1,256,5.258871415864249e-05,4.291053729382693e-05,,,,,passed
8,0.05,0.2,256,1.119835346938703e-06,7.973721825010579e-07,,,,,passed
8,0.05,0.3,256,3.322911931230403e-05,3.185403133817013e-05,,,,,passed
8,0.05,0.4,256,8.648865550218293e-08,7.530841514667013e-08,,,,,passed
8,0.05,0.5,256,3.7911356237088287e-07,2.1962961054679948e-07,,,,,passed
8,0.05,0.6,256,3.783347414564389e-08,3.646727614331296e-08,,,,,passed
8,0.05,0.7,256,1.5726930041679715e-08,1.5390986038609175e-08,,,,,passed
8,0.05,0.8,256,1.370548336409802e-08,1.0170088030372078e-08,,,,,passed
8,0.05,0.85,256,4.7713877120159065e-12,2.9209527716983562e-12,,,,,passed
8,0.05,0.9,256,1.1387742413111746e-08,8.034206285675102e-09,,,,,passed
8,0.05,0.95,256,1.1845949568489722e-13,6.604754696167986e-14,,,,,passed
8,0.05,1,256,0.0,0.0,,,,,passed
8,0.1,0,256,0.017817343687620314,0.0035195458303226954,,,,,passed
8,0.1,0.1,768,0.013047320301178715,0.00176352976947212,256,512,0.012879967024281035,0.0021305680115341493,passed
8,0.1,0.2,256,0.006516227120827755,0.0016058559742393615,,,,,passed
8,0.1,0.3,256,0.0038646764345116164,0.0010506318914116825,,,,,passed
8,0.1,0.4,256,0.005611061584403731,0.0026352959288260722,,,,,passed
8,0.1,0.5,256,0.0027936788445915056,0.0013006481178940849,,,,,passed
8,0.1,0.6,256,0.0018241199918419097,0.001550875207488994,,,,,passed
8,0.1,0.7,256,0.0034872499085901085,0.0019113140331164194,,,,,passed
8,0.1,0.8,256,0.00017079125769302707,0.00010438141875866739,,,,,passed
8,0.1,0.85,256,2.1251719206829417e-06,1.0725429082552488e-06,,,,,passed
8,0.1,0.9,256,9.505857244247306e-06,7.071725505308265e-06,,,,,passed
8,0.1,0.95,256,2.1608685759449877e-05,2.1568765890096048e-05,,,,,passed
8,0.1,1,256,3.469446951953614e-18,1.2096814144277288e-18,,,,,passed
8,0.1125,0.1,768,0.02626860369131719,0.0025573451652732442,0,768,0.02626860369131719,0.0025573451652732442,passed
8,0.125,0.1,768,0.049129393119860344,0.0034969866295269246,0,768,0.049129393119860344,0.0034969866295269246,passed
8,0.1375,0.1,768,0.08230359277152939,0.004447086641898838,0,768,0.08230359277152939,0.004447086641898838,passed
8,0.15,0,768,0.14659685108720297,0.005424787744874765,256,512,0.1449984653450856,0.0065629815120427535,passed
8,0.15,0.1,768,0.12134753645248879,0.005108876194450764,256,512,0.12062740969784705,0.0062558457697012215,passed
8,0.15,0.2,768,0.09554862605364671,0.004766815581253207,256,512,0.08994813330090566,0.005505941400021261,passed
8,0.15,0.3,768,0.07430700585237567,0.004410356845375497,256,512,0.07257210795744634,0.005368711637184455,passed
8,0.15,0.4,256,0.057043752306279796,0.006741422098954177,,,,,passed
8,0.15,0.5,256,0.032618754845016584,0.005245079577060772,,,,,passed
8,0.15,0.6,768,0.019741927860290907,0.0022100272342294664,256,512,0.016775766244457146,0.002342887578379441,passed
8,0.15,0.7,256,0.015767775881156552,0.0035987706020201974,,,,,passed
8,0.15,0.8,256,0.0032333589218962178,0.001075410775729525,,,,,passed
8,0.15,0.85,256,0.004244123391658309,0.0020271199580655574,,,,,passed
8,0.15,0.9,256,0.001355097404384054,0.0005508834807137542,,,,,passed
8,0.15,0.95,256,0.0013304850149625184,0.001150395498561389,,,,,passed
8,0.15,1,256,9.974659986866641e-18,2.493674239684803e-18,,,,,passed
8,0.1625,0,768,0.1952058592707995,0.005536837779901144,0,768,0.1952058592707995,0.005536837779901144,passed
8,0.1625,0.1,768,0.1654459376174414,0.005350464196311436,0,768,0.1654459376174414,0.005350464196311436,passed
8,0.1625,0.2,768,0.12788858359554098,0.005144807366239861,0,768,0.12788858359554098,0.005144807366239861,passed
8,0.1625,0.3,768,0.09938603174539573,0.0045908821068690224,0,768,0.09938603174539573,0.0045908821068690224,passed
8,0.1625,0.6,768,0.031672136027743415,0.002764002450751611,0,768,0.031672136027743415,0.002764002450751611,passed
8,0.175,0,768,0.2528654231660746,0.005422874621503187,0,768,0.2528654231660746,0.005422874621503187,passed
8,0.175,0.1,768,0.21429201392366445,0.005533388063055771,0,768,0.21429201392366445,0.005533388063055771,passed
8,0.175,0.2,768,0.1765609963876246,0.005648688679406494,0,768,0.1765609963876246,0.005648688679406494,passed
8,0.175,0.3,768,0.14608382203012982,0.005466234355294946,0,768,0.14608382203012982,0.005466234355294946,passed
8,0.175,0.6,768,0.051653736455566444,0.0037629309979830363,0,768,0.051653736455566444,0.0037629309979830363,passed
8,0.1875,0,768,0.3127580048611425,0.00504874542313509,0,768,0.3127580048611425,0.00504874542313509,passed
8,0.1875,0.1,768,0.27232744194102937,0.00532762426288744,0,768,0.27232744194102937,0.00532762426288744,passed
8,0.1875,0.2,768,0.22398154159399897,0.005430896130696544,0,768,0.22398154159399897,0.005430896130696544,passed
8,0.1875,0.3,768,0.1826208949506305,0.005581443368741664,0,768,0.1826208949506305,0.005581443368741664,passed
8,0.1875,0.6,768,0.060505613107949795,0.0038824575072388618,0,768,0.060505613107949795,0.0038824575072388618,passed
8,0.2,0,768,0.3571792290064872,0.004361059862967142,256,512,0.3572018211897676,0.005444345159603424,passed
8,0.2,0.1,768,0.3169619520405588,0.004925669438229728,256,512,0.31935267860587646,0.005895814188098823,passed
8,0.2,0.2,768,0.2684135081895575,0.00536939298974094,256,512,0.25432385809707153,0.006560929154985313,passed
8,0.2,0.3,768,0.23003807959427403,0.0055347336507939075,256,512,0.2378583647092197,0.006890171240705161,passed
8,0.2,0.4,768,0.17767728172071384,0.005464890745445492,256,512,0.17863596324113273,0.006775332862530019,passed
8,0.2,0.5,768,0.1355785287256792,0.005193367309682511,256,512,0.13230021589829538,0.006250665936625751,passed
8,0.2,0.6,768,0.08864439353809062,0.004483710449931572,256,512,0.08833680251383894,0.005428093526337642,passed
8,0.2,0.7,256,0.056975868630365606,0.006700605602947321,,,,,passed
8,0.2,0.8,256,0.025478949329750304,0.004735159658455347,,,,,passed
8,0.2,0.85,256,0.01711851145225956,0.0040323147318438385,,,,,passed
8,0.2,0.9,256,0.006887439319296392,0.002537545867941616,,,,,passed
8,0.2,0.95,256,0.0003652965888771781,0.00010609405307797347,,,,,passed
8,0.2,1,256,7.37257477290143e-18,2.674078061391225e-18,,,,,passed
8,0.2125,0.3,768,0.2700363425515618,0.005348026129743608,0,768,0.2700363425515618,0.005348026129743608,passed
8,0.2125,0.4,768,0.21953909315215944,0.0056110014950533395,0,768,0.21953909315215944,0.0056110014950533395,passed
8,0.2125,0.5,768,0.16722520702482213,0.005538192562688684,0,768,0.16722520702482213,0.005538192562688684,passed
8,0.225,0.3,768,0.30324401059848666,0.0050251575308259255,0,768,0.30324401059848666,0.0050251575308259255,passed
8,0.225,0.4,768,0.24727128692871247,0.005459621471014114,0,768,0.24727128692871247,0.005459621471014114,passed
8,0.225,0.5,768,0.19850724604794764,0.005659271637287823,0,768,0.19850724604794764,0.005659271637287823,passed
8,0.2375,0.3,768,0.3443378283817386,0.0044276775225411125,0,768,0.3443378283817386,0.0044276775225411125,passed
8,0.2375,0.4,768,0.29095805418275594,0.005199576753054393,0,768,0.29095805418275594,0.005199576753054393,passed
8,0.2375,0.5,768,0.22323477555669216,0.005492808451379363,0,768,0.22323477555669216,0.005492808451379363,passed
8,0.25,0,256,0.4637106554543651,0.002708483585247882,,,,,passed
8,0.25,0.1,256,0.44583143253714796,0.0038262759954273274,,,,,passed
8,0.25,0.2,256,0.42355034881727166,0.005063555012343879,,,,,passed
8,0.25,0.3,768,0.3818741380491373,0.0038940379506675,256,512,0.3815257248598355,0.004812897479042057,passed
8,0.25,0.4,768,0.33318333360324465,0.004701988227498368,256,512,0.3258033019111241,0.005782191468655668,passed
8,0.25,0.5,768,0.2782372825388575,0.005347068039468064,256,512,0.2809495026754415,0.0064910456313731135,passed
8,0.25,0.6,768,0.19867747777629444,0.005575491449638489,256,512,0.19803654236388935,0.006793787617500462,passed
8,0.25,0.7,768,0.12668067554285253,0.005047770317257314,256,512,0.12397917586778556,0.0059888945024895845,passed
8,0.25,0.8,256,0.08466955767064539,0.007929357822983927,,,,,passed
8,0.25,0.85,256,0.045075203248398525,0.006414430106458937,,,,,passed
8,0.25,0.9,256,0.02362249387425642,0.004170145739747235,,,,,passed
8,0.25,0.95,256,0.006745140811901603,0.0019857893588389537,,,,,passed
8,0.25,1,256,0.00127093301435409,0.0010842054776914129,,,,,passed
8,0.2625,0.6,768,0.23344109364653498,0.00554245136777975,0,768,0.23344109364653498,0.00554245136777975,passed
8,0.2625,0.7,768,0.1582440822241341,0.005420660691029709,0,768,0.1582440822241341,0.005420660691029709,passed
8,0.275,0.6,768,0.2483883326428273,0.005400947835664766,0,768,0.2483883326428273,0.005400947835664766,passed
8,0.275,0.7,768,0.18110609260249508,0.005609730611142944,0,768,0.18110609260249508,0.005609730611142944,passed
8,0.2875,0.6,768,0.2820309373468652,0.005260222908786939,0,768,0.2820309373468652,0.005260222908786939,passed
8,0.2875,0.7,768,0.20736085442572869,0.005526322787358077,0,768,0.20736085442572869,0.005526322787358077,passed
8,0.3,0,256,0.49629709200038524,0.0004068789455338522,,,,,passed
8,0.3,0.1,256,0.49098234471826774,0.0007498261757009524,,,,,passed
8,0.3,0.2,256,0.4812386979515274,0.0018024681529340203,,,,,passed
8,0.3,0.3,256,0.4652795837553717,0.0026454880971178985,,,,,passed
8,0.3,0.4,256,0.4254438064507234,0.004646075956239076,,,,,passed
8,0.3,0.5,256,0.3890035327160282,0.006188137285571347,,,,,passed
8,0.3,0.6,768,0.3186068778022378,0.0049460778515228185,256,512,0.316076153237905,0.006229995819583545,passed
8,0.3,0.7,768,0.2388710362972707,0.005588179278022832,256,512,0.24214484472388054,0.006815101674296906,passed
8,0.3,0.8,256,0.14515597671735458,0.009625826118016967,,,,,passed
8,0.3,0.85,256,0.09228857097894143,0.007936435597917567,,,,,passed
8,0.3,0.9,256,0.05546247194464737,0.006544319865395954,,,,,passed
8,0.3,0.95,256,0.031181137493618425,0.005394309161708762,,,,,passed
8,0.3,1,256,0.008815641554325737,0.0034127073843852377,,,,,passed
8,0.3125,0.7,768,0.2515569732442911,0.0056062310829675475,0,768,0.2515569732442911,0.0056062310829675475,passed
8,0.325,0.7,768,0.2742803005695865,0.005350553024116219,0,768,0.2742803005695865,0.005350553024116219,passed
8,0.3375,0.7,768,0.29677528741163917,0.005127371188820076,0,768,0.29677528741163917,0.005127371188820076,passed
8,0.35,0,256,0.4998235813928227,1.655586185438849e-05,,,,,passed
8,0.35,0.1,256,0.4991139935661515,0.0001085816432481905,,,,,passed
8,0.35,0.2,256,0.49652424831802267,0.0002985577746840158,,,,,passed
8,0.35,0.3,256,0.49103586244568165,0.0007619542700248554,,,,,passed
8,0.35,0.4,256,0.4737273659968983,0.0021986061903732216,,,,,passed
8,0.35,0.5,256,0.44901266492067216,0.003595106015129281,,,,,passed
8,0.35,0.6,256,0.39365991409329676,0.00611226094094777,,,,,passed
8,0.35,0.7,768,0.31714231637872675,0.004919858296401023,256,512,0.3128564456383699,0.006047756566474535,passed
8,0.35,0.8,768,0.20875881021845136,0.005484328921989397,256,512,0.20629310819301577,0.006665848419152951,passed
8,0.35,0.85,256,0.15403463169555567,0.0095718301989063,,,,,passed
8,0.35,0.86,512,0.1394587142529174,0.006614348873503705,0,512,0.1394587142529174,0.006614348873503705,passed
8,0.35,0.875,512,0.11869144194454155,0.006102429226240655,0,512,0.11869144194454155,0.006102429226240655,passed
8,0.35,0.89,512,0.10972757705221331,0.006198264052126514,0,512,0.10972757705221331,0.006198264052126514,passed
8,0.35,0.9,256,0.0901028591912468,0.007769172913615094,,,,,passed
8,0.35,0.95,256,0.044758785079845646,0.006128483107473756,,,,,passed
8,0.35,1,256,0.00816745472318893,0.002735091692417588,,,,,passed
8,0.3625,0.8,768,0.2241606938493402,0.005667702167078202,0,768,0.2241606938493402,0.005667702167078202,passed
8,0.375,0.8,768,0.24134501530382066,0.0054079989720317405,0,768,0.24134501530382066,0.0054079989720317405,passed
8,0.3875,0.8,768,0.26175549072376064,0.005501148936461353,0,768,0.26175549072376064,0.005501148936461353,passed
8,0.4,0,256,0.49999658290257876,3.4702503265762996e-07,,,,,passed
8,0.4,0.1,256,0.49995196487631527,4.73012780880028e-06,,,,,passed
8,0.4,0.2,256,0.4996365456771291,3.869649400842163e-05,,,,,passed
8,0.4,0.3,256,0.49828340067725957,0.00016730336297765582,,,,,passed
8,0.4,0.4,256,0.4920320282509867,0.0007691290960334576,,,,,passed
8,0.4,0.5,256,0.47426791746855756,0.002129219899188781,,,,,passed
8,0.4,0.6,256,0.4493403626762589,0.003593218099323563,,,,,passed
8,0.4,0.7,256,0.36294681633975484,0.007592321640368181,,,,,passed
8,0.4,0.8,768,0.2647319839163645,0.005409217050496542,256,512,0.26265436452919083,0.006663598873903128,passed
8,0.4,0.85,256,0.1883035177872086,0.009879132158052906,,,,,passed
8,0.4,0.86,512,0.20657415291591452,0.007012268205139489,0,512,0.20657415291591452,0.007012268205139489,passed
8,0.4,0.875,512,0.1673322487330641,0.00681369448912028,0,512,0.1673322487330641,0.00681369448912028,passed
8,0.4,0.89,512,0.1530261995231207,0.00680776369528813,0,512,0.1530261995231207,0.00680776369528813,passed
8,0.4,0.9,256,0.14707442572838822,0.009667347906318869,,,,,passed
8,0.4,0.95,256,0.0614766670303333,0.006514018190938408,,,,,passed
8,0.4,1,256,0.017564966109735257,0.004470081560528461,,,,,passed
8,0.4125,0.8,768,0.2787247815435115,0.005366478662989364,0,768,0.2787247815435115,0.005366478662989364,passed
8,0.425,0.8,768,0.30411583961673766,0.005174322718140523,0,768,0.30411583961673766,0.005174322718140523,passed
8,0.4375,0.8,768,0.30767885440404824,0.00519138631129774,0,768,0.30767885440404824,0.00519138631129774,passed
8,0.45,0,256,0.4999999963567321,2.0250918942196484e-10,,,,,passed
8,0.45,0.1,256,0.49999877996220543,1.3625351304904255e-07,,,,,passed
8,0.45,0.2,256,0.49997113381161906,3.5316026429180717e-06,,,,,passed
8,0.45,0.3,256,0.4993965408953767,0.00011254043647504732,,,,,passed
8,0.45,0.4,256,0.49714826055610134,0.00035917749168513246,,,,,passed
8,0.45,0.5,256,0.48969682504501644,0.0011286112364857243,,,,,passed
8,0.45,0.6,256,0.46843642559561616,0.0025844046338977427,,,,,passed
8,0.45,0.7,256,0.4110220638510791,0.005483286557484224,,,,,passed
8,0.45,0.8,768,0.3002135120955256,0.005206486795565375,256,512,0.2990517387949458,0.006304695864590075,passed
8,0.45,0.85,768,0.2489389572701394,0.005487866055935141,256,512,0.2454795340793434,0.006788390372578803,passed
8,0.45,0.86,512,0.2282467548982856,0.0068357100671577395,0,512,0.2282467548982856,0.0068357100671577395,passed
8,0.45,0.875,512,0.2012628655696187,0.006793659296565353,0,512,0.2012628655696187,0.006793659296565353,passed
8,0.45,0.89,512,0.1746037626962573,0.006934890120968104,0,512,0.1746037626962573,0.006934890120968104,passed
8,0.45,0.9,256,0.1515514032698556,0.009410898692098981,,,,,passed
8,0.45,0.95,256,0.094099607098,0.008828746638672724,,,,,passed
8,0.45,1,256,0.02349077173247268,0.005369874478482487,,,,,passed
8,0.4625,0.85,768,0.24831043674768702,0.005645443086578958,0,768,0.24831043674768702,0.005645443086578958,passed
8,0.475,0.85,768,0.256552234958697,0.005563208318568524,0,768,0.256552234958697,0.005563208318568524,passed
8,0.4875,0.85,768,0.26022519228177504,0.005629942521562145,0,768,0.26022519228177504,0.005629942521562145,passed
8,0.5,0,256,0.5,0.0,,,,,passed
8,0.5,0.1,256,0.49999999573477893,1.008789549316304e-09,,,,,passed
8,0.5,0.2,256,0.49999673390362576,7.447640563614627e-07,,,,,passed
8,0.5,0.3,256,0.49991511889709067,1.4514328977248838e-05,,,,,passed
8,0.5,0.4,256,0.49914201690047433,0.0001010411668617616,,,,,passed
8,0.5,0.5,256,0.4943039005345089,0.000635419626915018,,,,,passed
8,0.5,0.6,256,0.47651250326873124,0.002247908915420105,,,,,passed
8,0.5,0.7,256,0.42761117081770783,0.004726861847474069,,,,,passed
8,0.5,0.8,256,0.33140362548029334,0.008152122232910156,,,,,passed
8,0.5,0.85,768,0.2622178280637601,0.005542090715894981,256,512,0.260785709817724,0.00682275761868649,passed
8,0.5,0.86,512,0.24963591367217605,0.0069095954216489884,0,512,0.24963591367217605,0.0069095954216489884,passed
8,0.5,0.875,512,0.22585987738966196,0.007095495228021467,0,512,0.22585987738966196,0.007095495228021467,passed
8,0.5,0.89,512,0.1940937515566551,0.0071338763186556756,0,512,0.1940937515566551,0.0071338763186556756,passed
8,0.5,0.9,256,0.1714063569699425,0.009360025967146515,,,,,passed
8,0.5,0.95,256,0.09806705649560069,0.008470487366556636,,,,,passed
8,0.5,1,256,0.032744824779815614,0.006558351216525609,,,,,passed
8,0.5125,0.85,768,0.26536030184782683,0.005360040363019936,0,768,0.26536030184782683,0.005360040363019936,passed
8,0.525,0.85,768,0.2623330598542292,0.005658576369637033,0,768,0.2623330598542292,0.005658576369637033,passed
8,0.5375,0.85,768,0.26632097995432585,0.0056007645038160855,0,768,0.26632097995432585,0.0056007645038160855,passed
8,0.55,0,256,0.499999995797734,2.165330884387558e-10,,,,,passed
8,0.55,0.1,256,0.49999997479954017,1.559190925399954e-08,,,,,passed
8,0.55,0.2,256,0.49999996456268064,2.3636114326627386e-08,,,,,passed
8,0.55,0.3,256,0.4999802619832644,4.733275215167972e-06,,,,,passed
8,0.55,0.4,256,0.4993567607669668,0.00015228481724029934,,,,,passed
8,0.55,0.5,256,0.49600362887268534,0.0006065872978066528,,,,,passed
8,0.55,0.6,256,0.4853102643682501,0.0017320370551896043,,,,,passed
8,0.55,0.7,256,0.4435583221659638,0.004376582960265283,,,,,passed
8,0.55,0.8,256,0.347357463971869,0.007849093660590507,,,,,passed
8,0.55,0.85,768,0.25794292263717494,0.005570340249096396,256,512,0.2630929625739036,0.006819998211514639,passed
8,0.55,0.86,512,0.2574362175669198,0.006929178643103339,0,512,0.2574362175669198,0.006929178643103339,passed
8,0.55,0.875,512,0.2289642767642565,0.006947463867974918,0,512,0.2289642767642565,0.006947463867974918,passed
8,0.55,0.89,512,0.19686908520625745,0.0071642432947743835,0,512,0.19686908520625745,0.0071642432947743835,passed
8,0.55,0.9,256,0.1833947378170802,0.00975457472170396,,,,,passed
8,0.55,0.95,256,0.0727730155264198,0.0071513108595013435,,,,,passed
8,0.55,1,256,0.018485186909748895,0.004730755762559744,,,,,passed
8,0.6,0,256,0.4999973665630301,1.504338289692953e-07,,,,,passed
8,0.6,0.1,256,0.49999393722913144,8.71339755756837e-07,,,,,passed
8,0.6,0.2,256,0.4999876939009672,3.1880034152649824e-06,,,,,passed
8,0.6,0.3,256,0.4999902081141858,2.0701379476336916e-06,,,,,passed
8,0.6,0.4,256,0.499376737931047,0.0003416263922720846,,,,,passed
8,0.6,0.5,256,0.4949831820303844,0.0020745384425277626,,,,,passed
8,0.6,0.6,256,0.48170579060423235,0.002210420599193281,,,,,passed
8,0.6,0.7,256,0.43092192446824595,0.005569625207524406,,,,,passed
8,0.6,0.8,768,0.3245527739219751,0.005382874227543422,256,512,0.3186154497235898,0.006599915141602249,passed
8,0.6,0.85,768,0.26525634643939555,0.005777388444557198,256,512,0.2661701532106009,0.0069596405228151085,passed
8,0.6,0.86,512,0.23912327895713303,0.007140856092015585,0,512,0.23912327895713303,0.007140856092015585,passed
8,0.6,0.875,512,0.21661406162217348,0.007186559410090973,0,512,0.21661406162217348,0.007186559410090973,passed
8,0.6,0.89,512,0.1755870900908174,0.006892686221580634,0,512,0.1755870900908174,0.006892686221580634,passed
8,0.6,0.9,256,0.1735453150485126,0.009993245737080667,,,,,passed
8,0.6,0.95,256,0.09591567234944622,0.008778865091353786,,,,,passed
8,0.6,1,256,0.015191660274166165,0.004479754380260005,,,,,passed
8,0.6125,0.8,768,0.33046476640062833,0.005280448112270625,0,768,0.33046476640062833,0.005280448112270625,passed
8,0.6125,0.85,768,0.25147251597971704,0.005780614040476689,0,768,0.25147251597971704,0.005780614040476689,passed
8,0.625,0.8,768,0.3262708742570262,0.005286861600709453,0,768,0.3262708742570262,0.005286861600709453,passed
8,0.625,0.85,768,0.24692831437103555,0.00595098286287297,0,768,0.24692831437103555,0.00595098286287297,passed
8,0.6375,0.8,768,0.3137614042148384,0.00573828665617395,0,768,0.3137614042148384,0.00573828665617395,passed
8,0.6375,0.85,768,0.23502621337735644,0.005967802875939741,0,768,0.23502621337735644,0.005967802875939741,passed
8,0.65,0,256,0.4998181355486732,1.54347514612342e-05,,,,,passed
8,0.65,0.1,256,0.4996211888923555,5.574915062343296e-05,,,,,passed
8,0.65,0.2,256,0.49933190649327075,0.00017470216957032116,,,,,passed
8,0.65,0.3,256,0.4987923798499677,0.0003514437259048596,,,,,passed
8,0.65,0.4,256,0.4983075246362167,0.0005509515814205097,,,,,passed
8,0.65,0.5,256,0.4960895598976056,0.0006648203149415266,,,,,passed
8,0.65,0.6,256,0.4744776557106192,0.0033068616843864693,,,,,passed
8,0.65,0.7,256,0.4202458068065932,0.007035863754536868,,,,,passed
8,0.65,0.8,768,0.3048624955248597,0.005653033735851376,256,512,0.30661231246820186,0.006901426665745257,passed
8,0.65,0.85,768,0.22034603128593408,0.005917981356903977,256,512,0.22159662314156847,0.00729453485654889,passed
8,0.65,0.86,512,0.1972589271144391,0.007415974588842074,0,512,0.1972589271144391,0.007415974588842074,passed
8,0.65,0.875,512,0.19077586867190233,0.007291145639640312,0,512,0.19077586867190233,0.007291145639640312,passed
8,0.65,0.89,512,0.16036858401364232,0.007187555917913787,0,512,0.16036858401364232,0.007187555917913787,passed
8,0.65,0.9,256,0.14039111952087682,0.009604257091426269,,,,,passed
8,0.65,0.95,256,0.06901202683310251,0.007512843447577252,,,,,passed
8,0.65,1,256,0.006147856338916324,0.002523875482997021,,,,,passed
8,0.6625,0.8,768,0.3001715299135312,0.005733877427954266,0,768,0.3001715299135312,0.005733877427954266,passed
8,0.675,0.8,768,0.2755991501133925,0.006116896894372888,0,768,0.2755991501133925,0.006116896894372888,passed
8,0.6875,0.8,768,0.272338448438139,0.006152291683557186,0,768,0.272338448438139,0.006152291683557186,passed
8,0.7,0,256,0.4966608532396269,0.00030794182222432,,,,,passed
8,0.7,0.1,256,0.49542957308874613,0.0004297879853534229,,,,,passed
8,0.7,0.2,256,0.4922414175769235,0.0009416214048450486,,,,,passed
8,0.7,0.3,256,0.491439288394191,0.0012146060412590288,,,,,passed
8,0.7,0.4,256,0.48290500488308935,0.0030360939494644946,,,,,passed
8,0.7,0.5,256,0.47764294752422737,0.0029251830439384163,,,,,passed
8,0.7,0.6,256,0.45583411540463414,0.005375356181909483,,,,,passed
8,0.7,0.7,768,0.376705192950241,0.005333563830108734,256,512,0.3718222557819928,0.006505428569526353,passed
8,0.7,0.8,768,0.24723382658385254,0.006428723356731718,256,512,0.2508682948455849,0.007971239506210927,passed
8,0.7,0.85,256,0.17402515114335398,0.010202766876909339,,,,,passed
8,0.7,0.86,512,0.16368735088116354,0.007353091142404515,0,512,0.16368735088116354,0.007353091142404515,passed
8,0.7,0.875,512,0.14567999603288484,0.007263006072065683,0,512,0.14567999603288484,0.007263006072065683,passed
8,0.7,0.89,512,0.1087623275997889,0.006318539860693496,0,512,0.1087623275997889,0.006318539860693496,passed
8,0.7,0.9,256,0.09683979772462682,0.008547698618334666,,,,,passed
8,0.7,0.95,256,0.03951762465931473,0.0059705834578607925,,,,,passed
8,0.7,1,256,0.0037433155080214115,0.0019198577809743705,,,,,passed
8,0.7125,0.7,768,0.3633160453952884,0.00588962335568883,0,768,0.3633160453952884,0.00588962335568883,passed
8,0.725,0.7,768,0.33151142099286623,0.006414549566216707,0,768,0.33151142099286623,0.006414549566216707,passed
8,0.7375,0.7,768,0.3277563412618422,0.006413990489561634,0,768,0.3277563412618422,0.006413990489561634,passed
8,0.75,0,256,0.46978183095592646,0.002622523319470014,,,,,passed
8,0.75,0.1,256,0.4583280894078404,0.0032047809619273043,,,,,passed
8,0.75,0.2,256,0.4544120939914852,0.0038334830516656084,,,,,passed
8,0.75,0.3,256,0.4449822362314163,0.004602245921347209,,,,,passed
8,0.75,0.4,256,0.4389849227198976,0.005062021821492748,,,,,passed
8,0.75,0.5,768,0.4022224859714032,0.004417451025606129,256,512,0.40479846495751104,0.005309201989708066,passed
8,0.75,0.6,768,0.36814175332505256,0.0057721589091209785,256,512,0.3708296406034127,0.006796565767465767,passed
8,0.75,0.7,768,0.29814475145830155,0.006919764388963426,256,512,0.30328212341212435,0.008418450329589702,passed
8,0.75,0.8,256,0.17912735896890983,0.011617288601110741,,,,,passed
8,0.75,0.85,256,0.12154227587351608,0.010131565097509166,,,,,passed
8,0.75,0.86,512,0.10097345809320243,0.006619122655511348,0,512,0.10097345809320243,0.006619122655511348,passed
8,0.75,0.875,512,0.0921378657305716,0.006307540662679681,0,512,0.0921378657305716,0.006307540662679681,passed
8,0.75,0.89,512,0.0676308927151218,0.005538954808264489,0,512,0.0676308927151218,0.005538954808264489,passed
8,0.75,0.9,256,0.05512234436980301,0.007395256380384418,,,,,passed
8,0.75,0.95,256,0.02751662334507828,0.005350422634713902,,,,,passed
8,0.75,1,256,0.0012122844827586452,0.0012122844827586214,,,,,passed
8,0.7625,0.5,768,0.36134859895534976,0.005284115509416712,0,768,0.36134859895534976,0.005284115509416712,passed
8,0.7625,0.6,768,0.3319040853375294,0.006134919175298194,0,768,0.3319040853375294,0.006134919175298194,passed
8,0.775,0.5,768,0.3445802694935687,0.005476409833825585,0,768,0.3445802694935687,0.005476409833825585,passed
8,0.775,0.6,768,0.2841555748730142,0.0065995460249828036,0,768,0.2841555748730142,0.0065995460249828036,passed
8,0.7875,0.5,768,0.2895563000148897,0.005931446022055949,0,768,0.2895563000148897,0.005931446022055949,passed
8,0.7875,0.6,768,0.2606105830193471,0.006631951488680172,0,768,0.2606105830193471,0.006631951488680172,passed
8,0.8,0,768,0.3611091833031754,0.004353526108262343,256,512,0.36334482238472576,0.005236749186506068,passed
8,0.8,0.1,768,0.3404065336869509,0.004608196478348888,256,512,0.3404642785613027,0.005690791266024146,passed
8,0.8,0.2,768,0.3212190773567382,0.004983139437154281,256,512,0.3268963229482804,0.006053024922374681,passed
8,0.8,0.3,768,0.297292414648698,0.005298157743976906,256,512,0.2946801092852729,0.006600894713537649,passed
8,0.8,0.4,768,0.2802356641000409,0.005801432537593054,256,512,0.27798531471264987,0.007019136465801587,passed
8,0.8,0.5,768,0.2532424391664687,0.00621466745857828,256,512,0.25626646531721387,0.007476026013345296,passed
8,0.8,0.6,768,0.20953382785262145,0.0065955868920613584,256,512,0.2140396272527148,0.00812149960658169,passed
8,0.8,0.7,256,0.1455756312088441,0.011375579884169948,,,,,passed
8,0.8,0.8,256,0.09165334574472297,0.009884346966097485,,,,,passed
8,0.8,0.85,256,0.05762938820474385,0.008062474105036339,,,,,passed
8,0.8,0.9,256,0.022468061079242273,0.004918648424497399,,,,,passed
8,0.8,0.95,256,0.009008235823825497,0.0026425385016504706,,,,,passed
8,0.8,1,256,0.0016741071428571504,0.0016741071428571425,,,,,passed
8,0.8125,0,768,0.30499245958495524,0.0049239087324709566,0,768,0.30499245958495524,0.0049239087324709566,passed
8,0.8125,0.1,768,0.29250001681303256,0.005326530341769471,0,768,0.29250001681303256,0.005326530341769471,passed
8,0.8125,0.2,768,0.2821934581746383,0.005477569006178147,0,768,0.2821934581746383,0.005477569006178147,passed
8,0.8125,0.3,768,0.260394378139073,0.005549402081972792,0,768,0.260394378139073,0.005549402081972792,passed
8,0.8125,0.4,768,0.23028057274454442,0.005985443147631936,0,768,0.23028057274454442,0.005985443147631936,passed
8,0.825,0,768,0.2602449593607939,0.005457731376864507,0,768,0.2602449593607939,0.005457731376864507,passed
8,0.825,0.1,768,0.23557392486893466,0.005463784195599203,0,768,0.23557392486893466,0.005463784195599203,passed
8,0.825,0.2,768,0.23158041959096307,0.0056214686728193585,0,768,0.23158041959096307,0.0056214686728193585,passed
8,0.825,0.3,768,0.20612511863536032,0.005965047431328119,0,768,0.20612511863536032,0.005965047431328119,passed
8,0.825,0.4,768,0.1803815826696017,0.005868201249650085,0,768,0.1803815826696017,0.005868201249650085,passed
8,0.8375,0,768,0.19989872904479247,0.005588396938502372,0,768,0.19989872904479247,0.005588396938502372,passed
8,0.8375,0.1,768,0.18449678651261894,0.005578325848759111,0,768,0.18449678651261894,0.005578325848759111,passed
8,0.8375,0.2,768,0.17852369589418102,0.005605245005744555,0,768,0.17852369589418102,0.005605245005744555,passed
8,0.8375,0.3,768,0.14448263114038423,0.005275081593227994,0,768,0.14448263114038423,0.005275081593227994,passed
8,0.8375,0.4,768,0.1324713343270371,0.005401463824509377,0,768,0.1324713343270371,0.005401463824509377,passed
8,0.85,0,768,0.1447695134441066,0.005261966863271435,256,512,0.145030065262786,0.0064930199191718775,passed
8,0.85,0.1,768,0.13499216965422975,0.005441206404555894,256,512,0.13000485242117094,0.006533809097987494,passed
8,0.85,0.2,768,0.12557870862307105,0.0052477424636615455,256,512,0.12492258334647972,0.006478869367067807,passed
8,0.85,0.3,768,0.1016835112408533,0.004878984811306596,256,512,0.10733236753117704,0.0061480147292435755,passed
8,0.85,0.4,768,0.09448882188860874,0.004822231889713058,256,512,0.09664083439841685,0.006039501074382603,passed
8,0.85,0.5,256,0.08182228815305961,0.008632281799777613,,,,,passed
8,0.85,0.6,256,0.06897123846587488,0.007802517476054663,,,,,passed
8,0.85,0.7,256,0.03478243869165916,0.006197540298281219,,,,,passed
8,0.85,0.8,256,0.028825652695474113,0.006080844755262549,,,,,passed
8,0.85,0.85,256,0.011616973743458103,0.0037568395514865445,,,,,passed
8,0.85,0.9,256,0.005379591722298878,0.0026312468688130205,,,,,passed
8,0.85,0.95,256,0.005184654701446175,0.0028460882938340947,,,,,passed
8,0.85,1,256,6.5052130349130266e-18,1.9491530832281063e-18,,,,,passed
8,0.9,0,256,0.013378643894554048,0.002658977444379247,,,,,passed
8,0.9,0.1,256,0.012509361014459356,0.0028407339997815278,,,,,passed
8,0.9,0.2,256,0.012795255046686225,0.0029969270239048936,,,,,passed
8,0.9,0.3,256,0.010225839453762924,0.0033216535198193767,,,,,passed
8,0.9,0.4,256,0.006329160967627052,0.0019038238220806638,,,,,passed
8,0.9,0.5,256,0.002048725379173394,0.0008363220499414987,,,,,passed
8,0.9,0.6,256,0.004327535423639152,0.0014321988173029642,,,,,passed
8,0.9,0.7,256,0.001532602030594605,0.0011057249441248811,,,,,passed
8,0.9,0.8,256,3.760455187532159e-05,2.7902899241726653e-05,,,,,passed
8,0.9,0.85,256,1.1275702593849246e-17,2.2728629172067723e-18,,,,,passed
8,0.9,0.9,256,1.9949319973733282e-17,4.161847955667401e-18,,,,,passed
8,0.9,0.95,256,0.002159561546913075,0.0017106273359104025,,,,,passed
8,0.9,1,256,6.071532165918825e-18,1.803922710544309e-18,,,,,passed
8,0.95,0,256,1.4363316860253623e-05,5.749998917276135e-06,,,,,passed
8,0.95,0.1,256,0.0003276784697584774,0.00031965959448451866,,,,,passed
8,0.95,0.2,256,4.06864771766019e-07,1.9268132706545182e-07,,,,,passed
8,0.95,0.3,256,6.05918580398818e-06,5.843578354484816e-06,,,,,passed
8,0.95,0.4,256,2.149583075601591e-07,1.5533077254179814e-07,,,,,passed
8,0.95,0.5,256,0.0009505875783378387,0.0009435241351447314,,,,,passed
8,0.95,0.6,256,1.1939410900912995e-09,1.0557997539272506e-09,,,,,passed
8,0.95,0.7,256,3.893883641047091e-07,3.8937696533138296e-07,,,,,passed
8,0.95,0.8,256,4.336808689942018e-18,1.7167731565772076e-18,,,,,passed
8,0.95,0.85,256,5.637851296924623e-18,1.6454790850119249e-18,,,,,passed
8,0.95,0.9,256,2.6020852139652106e-18,1.2181875663181756e-18,,,,,passed
8,0.95,0.95,256,5.204170427930421e-18,1.592866562229545e-18,,,,,passed
8,0.95,1,256,8.673617379884035e-19,6.121136022809771e-19,,,,,passed
8,1.0,0,0,0.0,0.0,,,,,analytic_deterministic_prior
8,1.0,0.1,0,0.0,0.0,,,,,analytic_deterministic_prior
8,1.0,0.2,0,0.0,0.0,,,,,analytic_deterministic_prior
8,1.0,0.3,0,0.0,0.0,,,,,analytic_deterministic_prior
8,1.0,0.4,0,0.0,0.0,,,,,analytic_deterministic_prior
8,1.0,0.5,0,0.0,0.0,,,,,analytic_deterministic_prior
8,1.0,0.6,0,0.0,0.0,,,,,analytic_deterministic_prior
8,1.0,0.7,0,0.0,0.0,,,,,analytic_deterministic_prior
8,1.0,0.8,0,0.0,0.0,,,,,analytic_deterministic_prior
8,1.0,0.85,0,0.0,0.0,,,,,analytic_deterministic_prior
8,1.0,0.9,0,0.0,0.0,,,,,analytic_deterministic_prior
8,1.0,0.95,0,0.0,0.0,,,,,analytic_deterministic_prior
8,1.0,1,0,0.0,0.0,,,,,analytic_deterministic_prior
